ssd,Km_fdp,kcat_f,Kic_dhap,Kincc_g3p,Kincu_g3p,Keq
0,0.00017,10.5,0.00013,0.00003,0.00023,0.00016
1.574521880364926e-6,0.01346189908289315,0.0020564554527067814,0.02618369710352782,0.05953480537234012,0.5209780348246911,0.00017893268350628445
2.385359036242224e-6,0.0022030964963865793,0.00009627517295977364,0.04283034569810981,0.5360769304359558,1.0980571023805357,0.000050486741252474946
0.000014909198587452447,0.007510773254390911,0.0000255066457013765,0.03305973277162862,1.5549862837537523,2.9020542405923884,0.0008775959532479169
0.00001496719450417109,0.0019628882818190775,0.000580796053113664,0.04217573919464174,0.2771115475230719,2.8810396843588646,0.00024010996502562193
0.000015066914359082535,0.010664661372701468,0.00003634629164835024,0.027696058347691097,1.5756770518815457,2.8780834522441623,2.404146353567407e-6
0.00001510980674185025,0.010487387400625055,3.6159696781808073e-6,0.02801495148005689,1.602111150114133,2.9118312168005516,3.209977212693688e-7
0.000015362021879721826,0.0097843526468111,8.315614440421304e-6,0.029297405138737676,1.705509820541553,3.0366759409454205,6.327677639673955e-7
0.000015575969066341484,0.010348391634135349,0.000311787402143945,0.030543822312916545,1.6265234954916081,3.0434261001630825,0.0014884651899631119
0.000015924788163615538,0.008923431348717991,4.938315288968841e-6,0.03085689251356471,1.5292880940867186,0.10248162122552429,2.7110808884574663e-6
0.000016138311222228243,0.011643694556036314,0.00008224889332571668,0.026036663686206173,1.7437653765166907,3.1878197041384944,0.0015353678238191368
0.000017308902122797323,0.008991577355165807,0.0001881423729783938,0.030721709167301856,1.9617096645282706,3.8474881281730657,0.000015904203799608658
0.000031456622233902903,0.011192080206310233,0.00021618288622941387,0.02681691949821514,2.749954979620002,5.8997601391294685,0.00002064334653263948
0.000037957975625625755,0.2767468700539459,0.00007694562792640421,0.10364979976547732,4.901414102643874,0.5725911794071836,0.052942229353058284
0.00004121585871819585,0.12123708998108398,0.0002805622026004682,0.17330148649447016,7.474072603703266,1.9264020780349773,0.000011937540189753227
0.00004252524567489982,0.12389869173930292,2.112654516936562e-7,0.1782062062384873,7.83292278903702,2.0459242853514805,3.5389004349032667e-7
0.000042534799026306406,0.12379060689973141,0.00002889955456317867,0.17799540856831095,7.835860374957045,2.045048136996932,7.080620981301122e-7
0.00004253976000446159,0.12397624119277072,2.0674583315180177e-6,0.17839892444039007,7.834155759841896,2.046489656644675,1.7186670008440415e-6
0.0000425550280637946,0.12383599231116589,1.1186218258563669e-6,0.17808799378646145,7.831948191930578,2.0489277298585984,7.193448141567647e-7
0.00004260832746761531,0.12351737773526995,0.00002039234227405965,0.1775244770236407,7.81751683239467,2.0597343155242793,1.5229471295988193e-6
0.00004262653081588417,0.1242419775167912,1.8290186127550049e-6,0.17886982234706245,7.854051749071652,2.0416899452667,2.436336773466293e-6
0.00004262777558043579,0.12414778715681421,0.000016041384567767548,0.1784838055196896,7.8659084068324905,2.062665237528529,0.00004527938713262766
0.000042658368610577,0.12387937030419734,0.00007670400201559025,0.17814691793949497,7.857819255102787,2.041515936555378,1.229755128295557e-7
0.00004286251494831201,0.12428041492971807,0.000011067013396709194,0.17890155971405788,7.862772219602054,2.054126462737093,9.458122354972022e-9
0.00004292241812484735,0.1253527962276165,0.000015743838250024228,0.17929592617685025,7.938680319804423,2.021950846704159,0.00001668589469407664
0.00004293788920232786,0.12407407656144832,3.1945187659164817e-7,0.17850791070458086,7.857591948059066,2.062628494156724,5.8503278176774685e-8
0.00004297169426566536,0.12425917827634766,2.9445862044970755e-7,0.1796997657987454,7.908540947685684,2.0406773389016384,0.00023318388466344627
0.00004311642474402277,0.1258094765683242,0.00011583772354873374,0.18150094797828825,8.008808369983566,2.063716921733522,0.00007587575116412046
0.00004312197027536809,0.12465240326949954,0.00015151054858127583,0.17921908382903176,7.931608162150568,2.0564856931162967,0.0003854981750450161
0.00004312461643495014,0.12494307526713125,0.00010856796773764256,0.17986784118333501,7.931629470862899,2.0370021114864505,0.0000449948425415049
0.00004332904279261229,0.1255488841083296,0.00003879229888003097,0.18101419458958273,7.960162024950189,2.0328198652361573,8.635402556732414e-6
0.00004369378812630459,0.12586363253232247,0.000017995008048745016,0.1817481376888332,7.993538857996659,2.0397107786000612,0.00002775169786491506
0.000043958011705927475,0.12653608329566388,0.00003789371237958438,0.17788546397569321,8.062857586906878,2.0106119107436475,0.0049437003379317
0.00004428996851206072,0.1263369481831588,0.000055452147677891885,0.1241220017951023,7.9873690958515855,2.0656245078113638,0.03690331693838818
0.000044542562808696045,0.13341353007819673,0.0004816260412117875,0.16629909733458484,8.274857309337175,1.9551351910722987,0.00006229739738056681
0.000047054107128005055,0.13773739098395407,1.2764879946709179e-7,0.2033268467472021,8.559920391278075,1.9284036787015788,3.6878745567872797e-7
0.00005095768968499482,0.14397414285710772,0.0004690012837945308,0.21034440664764434,9.418131465928408,1.793616416987598,9.81379199774387e-7
0.00005522905020563911,0.10990538906099791,0.0008247612554732714,0.05246167842893264,10.205170212443523,1.5907032521831248,0.2574546765270781
0.00005704802259980324,0.17408397456107705,0.000023132868014792098,0.11432521983790334,11.137344654901648,1.201510736973962,0.000023581715058321528
0.00005872247929997296,0.15496406409329203,0.0013866296917966349,0.22409724694919106,10.32832435484271,1.7637268115405724,0.0031859321394424054
0.00006302332480934741,0.08991526607747005,0.0006902518495993923,0.11213726595165965,7.316051621378132,3.56233260219325,0.0006391384326626634
0.00006579127727858664,0.17246480838338743,9.365024903710642e-6,0.26631253121054405,10.369664980635731,1.6525719914912833,3.2341934611392143e-6
0.00023708922511222314,0.08503451171718163,0.037034096210167684,0.18692495672137627,8.23813908663379,1.6318149348037696,0.015719356919950654
0.000555880699518856,0.01650146854080759,0.006447132673042823,0.12278404100095,2.4020220044139697,31.76306028356813,0.00010652088406622832
0.0027899578055825937,0.10396274901819494,0.11399081570316195,1.2372815835396498,76.34754139796483,11.156599668925802,0.059006427769416246
0.002986137831819938,0.06566044063672404,0.12981586542364892,0.182928397929836,5.342018939648391,25.13188690919563,0.024854588449432693
0.0036560072674257193,0.3391542344300901,0.1706936334519259,0.4753320923724881,22.06137607712531,4.085845896592446,0.07296439535597797
0.007929818111552238,1.084461262577486,0.23102007912212927,1.9100124777126186,85.5953114568029,32.78925621133252,0.00017969954861367005
0.008568894858231448,6.947225055892466,0.20792116258006454,14.760654840301584,8.056141664490571,28.010759594002746,0.17266186494910948
0.011656770042673707,0.012561668106830848,0.0004670077019784999,0.02424818082838404,52.84171168569172,61354.40195920144,0.000037778028725036696
0.01165715401603722,0.012778092568222824,5.778311162885075e-8,0.024438005138500796,52.68373745232388,59118.276853087234,5.489534303201089e-7
0.01165720393961502,0.012694255576416296,0.0005346333115901253,0.02414454649279992,52.84955958974631,60546.81857533941,0.000013436947358952267
0.011657216445295082,0.012623242891607923,0.0006382278073147063,0.02413445161931177,52.849565112617334,60546.415276053376,4.2043474753647263e-7
0.011658983031969548,0.011257034702356377,0.000023953092850991282,0.025356776187346188,52.864029704014314,40091.00045192783,0.003709117541355271
0.011670580610678155,0.012632628235863669,0.0006387642477094567,0.02512333727090354,52.84971623328079,59505.35663123202,6.782742380582019e-6
0.011670863049882428,0.014680365043872134,0.000832668386186426,0.034956309175354576,56.93043637163405,59714.755353638655,0.00010631074025727155
0.0170002861010497,1.5559214119510207,0.000054283381294745975,2.7824684995265354,37.69364057824519,12256.540361847716,0.01614126604705196
0.03092209495111652,0.5363608535313121,0.002550992792886101,0.9252299630768582,45.46769905899308,244.0605888516832,0.0001463881045123626
0.03650432082126446,0.8922095500968682,0.00579494644229937,3.1193841497729724,74.31360564574324,40.51333239769806,0.07914840164914776
0.038391919193652785,0.21046706697056458,0.00022387733509160194,0.3353708456834924,7.118660603880298,54.64400086699679,3.2554123140942923e-6
0.03840515947202344,0.21090100905007433,0.0009194509759018793,0.3349974977508531,7.512277990751705,54.57426379622307,0.0002007497415541369
0.038430357590930796,0.27203530752207794,0.0030200227096073497,0.44528091219423577,14.928836858674234,57.4634796602279,0.0035526735391119167
0.038610336441488105,1.1573021782982187,0.016630589415489977,2.053179013865075,599.8594318936978,99.28631693494576,0.009079649246558396
0.039363230269765896,0.3345694934610253,0.04672598057582144,0.6472029724507291,4.653612109289425,51.28753819242748,0.010054133956115197
0.039754714660653,0.010346978639889256,0.002583520475985508,0.0287852728104014,25.23854090811072,36.11579439180553,0.0015377274408375154
0.043740151489570125,0.9685388351222288,0.0034058532878623008,1.7027460606701008,138.43356757839828,85.21322480816997,7.422170330732357e-6
0.04404239593280718,1.0070137418909775,0.03910905765424659,0.22673654258461579,138.519634034461,85.15550175557303,0.058803694803012035
0.04528664632960326,0.23954023035737887,0.5782319660680862,4.255135819077741,45.38330166594054,244.64976681916588,0.002814977083795075
0.050351131052787976,3.6800812858169327,0.38842945092043346,7.65124859115662,62.440782716873585,60.95908168345543,0.2598191159524093
0.051123058502822685,1.7979271989893464,0.10818498066650627,3.150880300108895,716.1888121483296,158430.02648430626,0.06571044673871103
0.058338571483787204,2.1815444152396335,0.06826826810965818,4.39825621651675,16.815520721497172,64364.30465379349,0.5039123982299718
0.06087048947676357,13.07210041664921,0.005847963411856735,25.050262827232686,870.3645501932712,83.06785737209961,1.811348956832539
0.06125643757169314,1.1350991360441998,0.07874319388087818,0.81533368610929,56.113794243216475,74032.66860857738,0.24451945303890854
0.06125870776628885,0.291141024709204,0.023439702809147617,0.8055760080493907,28.805126053861244,96385.09942984379,0.029499432345993417
0.061827933660958026,0.43313907362658405,0.022888613194705868,0.3159312862824798,13.769741908348228,65968.86520034794,0.0011783031994710175
0.06208375209978813,0.5268605966901444,0.01491479073742818,0.8671257591624891,5.508576025628636,67116.19838337482,0.011567922628674121
0.06211388362002783,0.48474782737079974,0.0058101826503617745,0.8191001855606748,10.89547736680108,66439.65366631787,0.0013667787377988141
0.06211473116028242,0.45422435997628546,0.007056070056235409,0.7239313922725812,8.236971494024889,66780.97823248204,0.0032730134236527127
0.06212165307484241,0.4786599540289801,0.0000491001749142448,0.8177294859879707,14.385027620475892,65991.9960184355,0.0013745615824156652
0.062123757776183765,0.507085966663451,0.014832670456871574,0.7940274903494902,12.231778112821456,64684.36921716223,0.000012375722208769797
0.062132207456189005,0.48245390210761874,0.000890482545673741,0.8278641393912352,12.626676569919468,66222.533795386,2.656244619197263e-6
0.06213597665780228,0.4965317848763308,0.004127771314613039,0.8614337639571572,12.787613457507975,66202.03526512631,0.000057238614940309634
0.062136124133457316,0.4796225070210001,0.0026128414912732077,0.818869730787092,12.87401310621483,66191.4902639458,0.0002013737202501337
0.06213720828488368,0.48427578486926925,0.00263982099720836,0.8311686912132407,12.797981735063994,66201.58237305224,5.719792586615645e-7
0.06213841788596647,0.4820530267216884,0.0028706412679570443,0.8284841375506806,13.17185837520561,66153.5460395503,0.00023534544416905183
0.06213932887357748,0.4681760553810414,0.0025708065021118067,0.7890100461495934,13.1941446123568,66151.11686015499,0.00014269223838606524
0.06213944607858327,0.4754611777122627,0.0023110822088733855,0.8104538502412824,13.02079568533484,66173.55163148504,0.00020617922559206767
0.06214086996517952,0.47578299182922984,0.002201993063554228,0.8136675392113357,13.242871878784651,66145.22281686025,0.00028016353680285097
0.06214110298601643,0.46669567893812136,0.0005790589936523139,0.7932566825762243,13.631143537369384,66095.303292161,0.0003794551543299744
0.06214122538236683,0.4719873757876453,0.000030421586587403043,0.8094560558656759,13.635700178787657,66094.7092878721,5.16329917393094e-6
0.06214254466024842,0.46893066248358173,0.00014002466513269543,0.8029437312757031,13.534658621895682,66108.155671928,0.000044192161306630345
0.06214351614337102,0.47472602317884155,0.002801105178376485,0.8127316563166332,13.46434253802297,66117.24540964476,0.000028304318253329762
0.06214375228663865,0.4749001115328841,0.0028197469857462105,0.8136441045038442,13.57717997981662,66101.98304548248,0.000023383692477187218
0.06214404918748695,0.47093018580009405,0.000036034291436440716,0.8070295322153197,13.639456891533886,66095.04205574075,0.000013078665093876589
0.062144058884833625,0.47603520667408894,0.0037129161737951897,0.8162419522866527,13.597649961347537,66099.77563030005,3.99634911616006e-6
0.06214424214854362,0.46686310017089766,0.00004105875443236701,0.7997333243285737,13.635096813335911,66095.70428821714,0.000056269620175375734
0.06214476508947105,0.47329056694810806,0.0027370820914386835,0.8099245356015581,13.330313054656527,66134.97771641094,0.00007556490186317676
0.06214508173198302,0.47445613608616766,0.002889295021935552,0.8134338875770539,13.643068814225364,66094.5431348468,2.9735410267156966e-6
0.06214561329823158,0.48140814879945126,0.0031235167211733704,0.8299794414269769,13.554386203311791,66106.05606350851,0.0000444016966918211
0.06214583489349658,0.45707317064535424,9.097180152041671e-7,0.787672779901566,13.578410825366953,66103.60352726694,0.003223239277547651
0.0621460107305614,0.4677390861115357,0.00005860295309340862,0.8007180527077867,13.634738453632723,66096.24739817204,0.000019291314964746394
0.06214615220353082,0.4576049692833004,2.620499203874801e-7,0.7829120770669287,13.624556320995731,66097.7105144012,3.237262007397233e-7
0.06214645266722062,0.463402115500065,0.00009542044956506721,0.7939096883110628,13.63096892698116,66096.89521387394,0.00004926262695703229
0.062146609191274904,0.47138201192543605,0.0024018834668060847,0.8078104446808588,13.577519104310273,66103.49535266942,0.00032503898320641417
0.06214676087386444,0.4645319449957656,0.0002579063936551728,0.7952913223854142,13.436020481914671,66122.19946644292,0.00008218253622793062
0.06214677959412522,0.47246367276573714,0.0028563888069720903,0.8099410856121605,13.640045260072052,66095.4482877815,3.1831110047320166e-6
0.0621468922472874,0.4723639130567003,0.002859876679955115,0.8096240580903462,13.618350749947457,66098.28936738071,4.9150807765973e-6
0.06214748978807761,0.4676771157516259,0.000026126555869019458,0.8026683159722214,13.777195760608231,66078.22752563747,0.00008979868864017296
0.06214758196969044,0.4626649101522198,0.000816387100042805,0.7920544952869326,13.564089018127648,66786.39096088985,9.408187899258896e-7
0.06214824170125765,0.47186939012204765,0.0024719506890440762,0.8087021846235264,13.676599788731393,65741.47717159899,8.325208774586592e-6
0.06214978269922973,0.46700060677406424,0.0018227801541164418,0.7996733941905064,13.647310382909872,66051.14713059887,0.000011732343917182033
0.062149992140103465,0.4558451325854981,0.0011415506511878804,0.7786448810798834,13.659325325559282,65765.94338011887,0.0007290278255041206
0.06215017118985194,0.4685533618316515,0.0023250176825838154,0.8028732224442865,13.633255456915116,66097.44877618604,0.00007418694441247807
0.0621502589039268,0.45803095793951054,0.0012567694985947462,0.7818989157654872,13.625313024711318,66098.72835317464,0.0005275273375068898
0.062150471855183055,0.468758655472944,0.0028592337185630507,0.8032524764020648,13.634711637354158,66097.23407601447,4.281063757617317e-8
0.062150782004811035,0.46335902691922604,0.00017531700916403482,0.7948858890221667,13.628507135852093,66098.46589402115,0.00009072052989408484
0.06215079840840799,0.43454772752867443,0.0022488248676651103,0.7336989543091306,13.598468394208659,66102.46714947524,0.002096582296997744
0.06215081706219843,0.4675507392849215,0.0021112099273203795,0.8007462397378831,13.671437394700664,65770.04660087076,9.204371273952188e-6
0.062151165758891014,0.4615600963746084,0.0001336232324535201,0.7902134022058453,13.626362688874188,66098.87142572115,0.0000473812427416757
0.062151470804941045,0.45411088605429806,3.312482225023164e-7,0.7765756266725966,13.636491557402946,65882.31373265287,8.534318847593871e-6
0.0621519036984908,0.46814729019201,0.0027620158772683518,0.801972743920367,13.671170228593923,65780.12683422615,0.000016253008375868282
0.06215241944687504,0.45571598197530283,0.00007399851335708803,0.786591350529787,13.639947497390166,66097.53606623475,0.0004921981337686366
0.06215256291437285,0.46417528460391455,0.00010109271190320408,0.7946891048626448,13.417923350538732,66116.76568962132,0.000015163885941458108
0.06215384537934936,0.4659724953796162,2.2311084197077607e-7,0.7980317569106451,13.460464655661138,66121.07047697509,7.231852107176388e-8
0.06215548134414676,0.462245922102478,0.00005509432607062709,0.7933387683336447,13.623133124960031,66100.52050022053,0.00013160783101745464
0.062161867685812285,0.4628854619971245,0.00014586750802368984,0.8031839772795081,13.609605278419359,66104.09751630241,0.0076940331455852716
0.062167254401067844,0.4512525384867933,0.002603641464238833,0.7885913480330718,13.371858795318772,66136.30550041313,0.00632415185117355
0.062176144242795106,0.4621362828526314,0.00010422869507581687,0.7922960748066175,13.615969019504568,66107.3619642337,0.0002360158273448354
0.062187642205546435,0.47467388765001817,0.010301595151555413,0.7909345536810325,13.394483594320171,66135.4960363798,0.0015782190302924286
0.06219103922044347,0.4914896392304272,0.011109069049705258,0.8221425964287045,13.709474756601137,66089.11995448772,0.023684303446596215
0.062235817414878956,0.46924242437291197,0.0026646825800029426,0.7578764262066208,13.277429540252411,66167.91879296034,0.04480004733718162
0.062250496684358794,0.6508702679198591,0.038856889278127665,1.338878219016027,13.823024358514878,66047.09898235524,0.006500040104330739
0.062257590227331315,0.38414759152061195,0.013134885492437407,1.992083801556846,9.023218488906515,66695.31020268108,0.2525020061902118
0.06227094084513866,0.4588940522809149,0.0003044333572195986,0.7852720546635321,13.914772600801214,44024.27225700162,0.000012962190728323799
0.06227954132598582,0.6781707286825244,0.09132253606502837,1.0773873760336217,21.875649933588722,63882.556837031334,0.012958772757546108
0.062495438865155704,0.46064386193961604,0.005072611227266829,0.7976658357794005,13.47395994044114,66216.17193135033,0.00041618584616196364
0.0625288632656578,0.07502029604668153,0.004581603840272291,0.08933798981280791,32.45440098317563,63724.31187747038,0.00003340224364462018
0.06253818625997545,0.1397268733092776,0.033238753178753744,0.21880109617126642,34.00074459469404,63484.46464565645,0.0019591472549792327
0.06256090229704958,0.14955901529269153,0.0006385135879583004,0.22367568636043705,34.09702145122406,63527.25404569221,0.0023812535556805505
0.06261249732408537,0.01796341088314978,0.005945087920842357,0.014778952034418029,35.89984171223761,63282.14979197137,1.4653825841561689e-6
0.06264221841568535,0.01904818397795627,0.0031729117835375235,0.012424183972562175,37.11707287119105,63134.46733269671,0.00022379634148127014
0.06268111658921574,0.006871732745608879,0.00287521091613436,0.03455858224471289,38.34081481319815,62983.557866622206,0.0000378301156947567
0.06269665814920285,0.021688417460979943,0.004052356096043549,0.007375750089460767,39.082298767347375,62892.1246512611,0.00004421098824018633
0.06270955524390831,0.01600724591352695,0.002379019591170986,0.01886360466446811,39.2889238266869,62869.079578401856,0.00001645060767769819
0.06271513733626297,0.008857648635574972,0.0028246152892462207,0.030979304708628683,39.29933926917833,62868.57630240471,0.00003953402948230128
0.06271516681621161,0.014574779521370823,0.002924449980228127,0.02096763875574966,39.396404143623464,62856.40695986639,0.00006963151330012452
0.06271554208019421,0.007816934132593658,0.0013902143575672014,0.032992621312093275,39.31755115024479,62653.8992728225,0.0001068147758861526
0.06271819485776246,0.040214287412277484,0.002539191739342208,0.028155583667067333,39.5692497590113,62836.86160376214,0.0003288313533718735
0.06272085987637467,0.04762942747819904,0.004681326072521924,0.038881505357751034,39.68197865738803,62822.978981584056,0.000125963512014114
0.06273107404315527,0.03054804485968585,0.0005742188978868647,0.008494834609753622,39.82025040347399,62807.56728890455,0.000050209049039310854
0.06273535206039577,0.031337778561392436,0.0005447534973039107,0.009797779573172,39.83556051226964,62802.14030071049,0.00007299789018291564
0.06273702853566611,0.029689950644427577,0.0015774427463810525,0.006926241373433242,39.946040498174824,62792.50535892294,0.00008756368253501648
0.06274282289161019,0.038001022667683876,0.0024011909441615637,0.021071294613289007,39.97948623253509,62790.192403364454,0.0001839304538753597
0.06336146223710566,0.6038404806345267,0.10347446283164782,1.114894191357216,24.979667599274777,67324.96859772068,0.0492511083478186
0.06343935932384574,0.07035513827457164,0.06881000891892443,0.48154193708683724,18.1549899232006,65423.512254060224,0.0007093240023430988
0.06371486522013277,0.25019220210353704,0.1072623182682467,0.346622301456532,6.334572892231958,67089.3344523874,0.006781090658220298
0.063830590346491,0.34168028956647967,0.06652587727635878,0.7048040987103186,18.200334442931528,65407.2315079646,0.011874098378388783
0.06429797853639004,0.5802968809124153,0.011807866038165705,1.0039562398491775,15.023616573927757,426.7450060420056,0.0016067139136794184
0.06500872145221885,1.0183023326679148,0.1449419705508434,6.292455956996288,12.028859000946053,66329.7609854053,0.13209307387841268
0.06731323951396902,3.8143947109608685,0.18449446057815405,9.805950363858601,58.113364332958426,75123.89001465397,0.13983483717583975
0.06843067793921702,0.2980762757225749,0.21866932017595495,0.4795081685435139,18.53974405127407,70230.48292949937,0.015587790996599772
0.06910462661275803,0.4585038934711539,0.20957891712962165,0.2459103761141668,11.945419442815782,66779.79857350558,0.025560600116916406
0.07092807776861604,4.402721121119184,0.16536777450583817,33.43347729174302,12.138455434521134,55.26623929245729,4.223479578758798
0.07523536200360528,1.1973085352971415,0.03952914904164997,1.3591148840520553,10.436120533328815,72834.34551475586,0.15970721279660124
0.07769783076323163,54.43814583837507,0.14128648720670645,161.29548529246745,94.42641152995057,10.836881340471574,0.005817702503619595
0.07826518903075753,1.693284383697929,0.38199068039617146,3.9365712697024238,2.5001073681923147,67029.77807112581,0.19005336656698743
0.0789571087027467,1.3667864719562155,0.389188604993862,3.069066468873112,16.38220712072799,65275.50075410375,0.15359071335884314
0.08508996868413604,1.615638715960002,0.3155686121785501,2.0384404151175666,396.594922477104,116135.96989978578,0.12946562916052198
0.08637184065528189,0.5958419250036687,0.012914071503189462,0.2198569419339627,16227.785463404265,2.1067583483352307e6,0.767833024796371
0.08902363517865504,17.542839080412342,0.365427334316508,36.76141496413926,6.048218709585391,68801.64393318938,0.1354384282776926
0.093438446896303,27.954058076597917,0.6090824242186496,67.97419733476794,4425.533769989959,95.73952220179787,0.3094177279954775
0.09354878036754016,0.4505881988733745,0.508648783790073,1.0229682817388432,7.069017915909828,66890.92943612696,0.02934890952795748
0.09425483958088869,4.764444949948885,0.4730805367146101,10.153411974524591,91.24212415557702,56468.44673420162,0.06964791708878451
0.12266653071482053,0.1445841357081198,0.028404583404498647,0.11723379297776908,2532.8979358286906,405.5693141743442,0.010726132639231294
0.12620187856587123,3.2278899103555094,0.7071024691505048,17.24885219055812,172.8336634374662,15088.649250829721,0.17035658777171755
0.1268498343685964,4.15466739274974,0.7642643535560925,7.315939660831786,18.583731230669944,68007.7398346251,1.002845046783669
0.12892545596251273,2.218371356525916,0.7811532403951593,3.889460389040807,847.2226573407797,3901.383199434099,0.011526083050353226
0.1312790439697491,0.49685727767127524,0.5411798248508892,0.46284972581346867,747.3464892566421,166592.18542641823,2.827544854218571
0.13436885869058252,2.8717880564975564,0.778065112262841,5.694525735856328,14.437719957463274,65557.01037658783,0.31618062428363536
0.1374574784223634,55.756036055282955,0.000036980182387191275,6.395348360853457e8,1.8667207929046343,0.9443818572087276,0.000013452180806051503
0.13781614181692098,54.22820930266067,0.005420575873536055,2.892277195696178e7,63.673329571905356,0.6139651680630699,0.04764886556595765
0.13789852058757462,53.647139004290935,0.03928837534379866,340746.4445214465,94.53385171382426,2.576577115468131,0.039338681471445626
0.13799764972751105,54.64929769322587,0.0000972257367271552,1.2742562257875142e17,81.64069463099523,8.016954751840602,0.00001561749480213643
0.13800153104688953,54.640153561054674,0.00022331407065968008,2.0981783027152495e12,82.72892244645969,7.845966075351362,0.000012773378698754638
0.1380016573582496,54.64081275532187,0.0001872917728462653,2.6137702696129227e13,82.64883106447078,7.873996563560612,0.000038451304281165905
0.13800177061249275,54.640167033906366,0.00042519009267512803,3.843000040585604e13,82.66188618105191,7.874359424795577,0.000023804835784724728
0.13801221443593362,55.4803519631303,0.05027184760538919,1.728260948591531e9,15.519592108163648,22.431329433862636,0.021552644928665415
0.13803013630570846,54.626300837929435,0.000044676999065375504,6.348706230952757e10,83.97111945999238,7.6772470922342535,6.7705035168238465e-6
0.13808641633939295,54.562312823238,0.005481583785807299,6.519887100938562e11,92.03940457953276,0.49663024860370075,0.0004763314025710892
0.13820736295554564,54.79263385346385,0.046821001510907866,1.1101164536387787e9,74.2492638877704,6.247030538613944,0.0037247087711226095
0.13844823405331072,54.56815233815728,0.00661349876436713,2.164838479291413e6,90.8782045158737,11.946268695580937,0.0034271241050324763
0.13932514527851564,54.17927531468747,0.10423079525186686,1.39475484357868e6,84.77144526260432,9.005324565451877,0.019224226704513046
0.14188200362034856,55.57869425384341,0.00442814369260567,269.732772149469,43.15219009666772,62391.22036979564,0.0001732684401365607
0.1463195270066429,44.06878266017794,0.3840286800055992,997.4771177096981,1250.9939639563493,82.8365885951572,0.526012248717243
0.14710351477559488,7.656015334917338,0.6668117927058553,40.34640989676038,568.0734491835335,140353.95692006557,2.6896218505964615
0.15035128897464767,30.9999915523231,0.4084431084742049,1661.4526112369163,1.0220763480148065,137.71213885722352,39.95272337656923
0.15720739431526082,1.0090691622257322,0.9789730984051304,2.59669066418821,57.66943399917984,44.03835600581698,0.14292811116770568
0.16701487992585273,31.5167021371311,0.6941735386992625,182.32100249447132,68.40702105541553,50868.84766937769,1.7029721538908162
0.17452155133685987,54.51035202272606,0.016526299225478033,1.5715133209004967e9,103.20949798454632,59.22336642847786,0.00003282908413024991
0.18358565267820953,53.789015419654504,0.000987976270343844,1.3616537294563826e6,275.65756475709094,87.25893330484814,0.0013211399779139538
0.19377253654844273,54.564929908046956,0.09814506337925924,716199.0043653803,20.404909132729024,68245.7323105618,0.010989047322626542
0.19454042342111502,44.621762031299966,0.7549581172823883,702.7800472721273,77.00670038394604,54.173712385736394,0.7247423252708346
0.19468763171362768,58.80303513369784,0.6710529395942527,3.151357913250282e6,87.37130971651929,0.8850979921137373,0.5707960088923928
0.1971715680363939,54.183325944875946,0.01489119308899606,29230.308084537173,48.731932484443014,73647.41164274557,0.014829078662917706
0.19796006121930546,54.13015041074953,0.02884349301801592,53631.74822047847,53.697781776466485,71030.59351050714,0.01332325033669284
0.19822442551750913,4.316173531085024,0.2191966794783744,848.5074251797523,98.37729484777941,77.29905232202174,0.06048631904035234
0.19846012102257182,54.05941893539208,0.03391428479551518,333194.4339362046,48.58735192520897,73583.03459878545,0.033009154210953025
0.1986317421272249,54.32613171585539,0.030957430579530997,1.912654799156933e10,48.712740882916954,73589.73727104545,0.006265091431315895
0.19869471362533067,54.37263922036099,0.0011436799498469661,5.72283278745963e14,48.91536671263865,73668.45371962935,0.000016158533539656737
0.1986957560302926,54.370886867130956,0.0024392028333660876,1.2729016600086489e10,48.914012665846876,73668.6507505629,0.00007805666576220594
0.19869813409819187,54.375450233009005,0.000227160800392312,3.174526151751613e17,48.978342878639076,73676.85276511298,0.00006350492013016392
0.19869892924942104,54.34279097121237,0.008267864260027463,424782.0103739593,48.68829085283318,49015.114739533106,0.002515693602140944
0.19870104246587533,54.372442991718614,0.002217204194905554,2.0724998157283245e12,49.01293899532535,73682.09927985269,3.3870851104042784e-6
0.19872915961277138,54.38555108317237,0.01529902462006508,1.354449066356642e14,49.0255478533217,73682.23352853232,0.001000857023838585
0.19889702609158755,54.12307536681279,0.0006121925649505924,2.5893518988780375e6,49.28303862532755,73813.03636286492,0.1239901173518139
0.19894758263232767,54.02023582037798,0.012524502175163358,3.053419444545279e6,48.660821064383185,71477.45138908956,0.1365654364429983
0.19946023264080753,53.67917741377643,0.161102603193949,16495.883959640665,54.87008716881411,74525.35347487366,0.1889993437933853
0.19951162976329762,55.34984194920416,0.002848151559727999,2.7996132412393622e9,33.20139378765363,63541.00977795641,0.024376737404769866
0.2000999111582454,55.55121373817267,0.0057018484779818085,1.262957952328793e15,41.25194422079833,62585.145262694445,0.007174556221475543
0.20011046666987192,55.7515037414853,0.002353061062621009,1.7054637265159338e13,38.11485836423362,63017.812168606906,0.00004077599348938868
0.2001638453363572,55.58749701500472,0.0021828060993251642,4.585676994022781e12,41.62201251753976,62571.0626393246,0.0001861930569407421
0.2003749104799546,54.552622729773404,0.1152772697576917,1.7976506147977964e6,50.688916102310436,73890.62104788795,0.02694582194556722
0.20119268827278192,42.62544600926973,0.14257366900179608,1546.4327820455478,1.0796645014768867e7,4.352855120065639e7,0.6771990935970811
0.20298224619206612,53.88418850432511,0.5191463483993479,48982.72734116705,110.77466476095981,63.987732772607316,0.048190392696017666
0.2112181159521858,55.53550452435485,0.029583280546539133,590.2959111995101,95.93293463551221,96250.91882470621,0.3784001109805196
0.21378624219756598,6.44571570648867,0.4837012491757925,27.047275010447752,6422.677995590163,1.00709017011855e6,0.15571323110229218
0.2203544946138002,54.316942085189226,0.00730799966010157,1.7579518292977415e7,55.50528240050213,826.1819097836031,0.005539395126187644
0.2205012364575492,53.96778737427197,0.4336397467086377,49180.05031506881,48.32642316901436,73606.75484849795,0.01677344264671855
0.25535337035129113,52.03016274355007,0.9251161916319276,2.1727689291131718e10,130.25560484675663,65.83483255668334,0.1557026580019068
0.2585258948578837,66.264068780683,0.3752379321033249,5.700101421601785e9,82.24296047588336,88558.8040971343,4.670546467772689
0.2694957344483242,53.95506449797812,0.7232382080346663,1.779795698809589e6,48.05209230687312,2360.463211120284,0.08812724113757178
0.2857385519002775,54.30205660094573,0.31240120235152413,2.1496537477938382e11,7157.742437304779,988160.7362428008,1.774241630624431
0.28849068490672264,55.72922116803147,0.006999342335775725,6.118312875387551e7,957809.810087644,1.2192839608331678e7,0.01475490150796993
0.33582217514079266,9.111097234006643,0.7886608060582304,119.2801101295282,110.24838577026775,127001.91974681946,0.961282517256022
0.37778697666657685,63.90701648041321,1.0461680690002628,6.938318039357934e8,98.2374753726035,92440.81806066044,0.7187811741984397
0.37856826884535755,27.732045315899274,0.19695739617973,859648.6552141116,7.459662933675695,74.09610876461453,0.6193857302374428
0.41498261272166515,24.87611610394819,1.7809815779252904,134.52472282025005,1.7829076320815507,17.26878708944771,1.2143553744278717
0.4186941613840611,2.9532534178181162,1.775327091804528,1.9860658090687517,1829.3679653406937,70.15720068724792,0.9544864426631458
0.4374492649071545,54.55254194165061,1.3634145981872303,171.65747460025838,11009.909230535219,1.4048202335317424e6,0.05382893194092171
0.44240665343464614,2.5937801808024687,1.7753700690135532,4.6155539614184855,6.780863455771674,66320.0411352244,0.09114629433816462
0.44519746965922424,164.65125514480036,0.00889816469357099,171041.8575845256,222.04614903757982,79203.39667952174,0.02323933963453665
0.44605180574220044,164.6988470417132,0.0014558224033781437,500233.47339283983,224.2759213406217,93716.23461849014,0.00015389221780991123
0.45943621224893205,37.93816859574868,1.6351255026019573,458.96543738023803,29.031969583434442,71387.49639426809,1.4656583573118365
0.47354308885194013,164.67046886992162,0.004449313829994816,114041.3209155346,1346.9964616921138,149.74325577165928,0.0009662558068697768
0.5286653585014084,164.6802859666906,0.00037882636732095286,769477.3171747013,44600.804867480045,5.552858573753351e6,0.0030704721692308874
0.5296729084628916,144.17330089166103,1.0731405367591507,2800.1689607951594,758.8727297602294,58.43830875643204,9.820690319463052
0.5408064151514945,164.61432920046096,0.12729569313781514,310118.61470411863,461.639668398368,162549.31612451278,0.017969169962995937
0.5527536976639642,164.3766267132239,0.18672917585753623,2.2541046086720226e10,519.5355096341752,5437.233811410346,0.04899345550846069
0.5552145722181197,163.32465492205296,0.09993281043588606,7412.140629028914,508.3287005415394,176964.9972810581,0.002772966144390083
0.5594867054710255,55.702095609296265,0.15105853352346052,172.66485512306164,953.9484226245139,63610.95432090384,0.008017859172664546
0.5609478352678847,92.97099266588187,1.2202234882568774,3.058717083671418e6,781229.7784467182,9.205679407882269e7,21.668149494720165
0.5640615434772328,82.0096471465668,0.2161231349853597,4.17861283806301e17,2242.254981862349,38.62528831593254,1.6562023714435998
0.6146409154455132,164.3729519398204,0.036824203533315975,769480.630654366,714.47426974216,236026.40748271282,0.10134181889030874
0.6698449959551106,24.772069875557683,1.9294706678851505,44.94072006100665,5.689761890203575,98797.17488347548,1.5333081582133261
0.6921852514751144,116.7383664541505,0.012722348869703956,419458.8815242973,1131.983793447141,217756.27110714297,0.017486612524214684
0.6989518979314637,157.44479778230843,0.12666777708608107,6.253726243296114e17,1164.4090153428103,373409.7023449695,1.146085816148911
0.7385436938785777,116.26447142051796,0.6255357720511207,92307.42891340933,1125.8882341012827,434410.54602273024,1.1894011347290014
0.7489350552913285,35.59482559089793,2.0890896604878186,55.53679490370431,94724.42035037673,1.1582307695416223e7,0.05087655107906033
0.7778648065737728,82.83274767758319,1.7637583735411477,769357.1860533195,281.5554214938682,159840.91862812405,25.980388085680595
0.8093775370752626,111.09672061142429,1.7855806903655422,9.198694358146392e6,341.8955958962887,158363.2596150983,18.499787480809477
0.8133747186457247,163.73589000838234,0.033844753465132944,56963.3281566045,2389.1059603275858,56367.51733245552,0.1351714023724533
0.8215531446676634,162.15194644218846,0.21510745603993287,103728.2911708247,2533.181142592943,24885.02318583016,0.18351288126438314
0.8336040580119473,164.71890764719876,0.021715105217420417,1.9943060827675057e6,601.4322908212954,18.475275886119928,0.014235894159834037
0.8640226332257467,95.77904061989823,2.1328657426801367,639.4460722966844,634.4305085335341,176059.19001336716,28.49992795032818
0.9221161901274995,164.67897932748218,0.005614311091897034,39.63416262500836,1201.0646268079195,376691.21785679867,9.391305956637714e-6
0.951020151153636,164.6090187541387,0.0017826691725749317,7.297972864269452e7,662.5030140654362,56.4165671330333,0.034582918891741594
0.9605561092061988,164.68844628497004,0.011166432208854968,724408.6325562488,23080.574216106565,6.713184696433633e6,0.005761460514099416
0.9692343523507062,164.68208623564155,0.04662711572385498,1.1146272157938486e12,38143.494191901846,1.107591896499137e7,0.00566046661044326
0.9722797889648124,164.6968876557805,0.00019035428219502763,728535.6778767392,50887.119263493114,1.035961201684379e7,0.0013349358585844457
0.9741333685597573,13.153466566502486,2.793232861515567,53.19789940931393,732.5158482931732,127.48176728199472,0.6364065663513812
0.9746081028436029,164.63358305993557,0.05564559431695061,715779.7893513157,63429.100960772346,1.84025896795659e7,0.05196495868618798
0.9800397484325729,164.67615443829985,0.030101869235279886,701116.5093893062,218143.12828371758,6.320894994148366e7,0.0029700958458516074
0.9811648203469454,164.69637782696898,0.001466785286635421,25002.664141855756,297420.4344390176,449543.2208798275,0.00022561300258775564
0.9812600214694317,164.34580012939472,0.05686278942638707,29924.8045585039,303792.2888518177,8.812533077082112e7,0.03716616930268958
0.9818512859593745,164.59198513535878,0.04713592178375964,933676.4949470363,734103.3053229979,2.1271252727098832e8,0.010317131225138098
0.9819439293265005,164.59081676630223,0.012352896373560691,2.9857040910137457e8,1.4747940500441391e6,4.273065824806775e8,0.055899243132555225
0.9819518052773317,164.63020807773373,0.0035503928311848244,8.532198022588153e8,1.5835919861380574e6,4.5875917486189944e8,0.003908253487870915
0.9820482951058573,164.70319643036373,0.0008973717580573748,697670.6514364874,2.1319178528318834e6,9.953989894213481e8,0.0012357013484082613
0.9821333964241474,164.68843365090424,0.002745272308045189,769477.2649505503,3.805117271592223e6,6.415807892007396e6,0.005005223175672885
0.9821450711032342,164.71066959309726,0.009278169218298498,769477.3569935298,3.334393750170047e6,7.517808555127268e8,0.011366524654889153
0.9821980919521085,164.68053605229184,0.017333635334808372,677837.3638675252,4.0154821798285446e6,1.163000739223406e9,0.003144889406316318
0.9822670595731136,164.6482380476791,0.006886904305807613,4.501715564242282e6,2.9854850494089857e7,4.974083792195284e9,0.08944087880328516
0.9822781985025628,164.70731354532526,0.001221009582812777,1.0205594209382935e10,2.869056709395698e10,8.311537502384679e12,0.0031439217565888823
0.9822837983332381,164.69269510594867,0.007115968139055033,1.1568827533105778e10,3.6502427469227055e15,2.5068895683438296e16,0.0016958643914678703
0.9822894216476739,164.70067314892168,0.001433459244586694,769470.2332798355,1.0540240591411318e15,2.8302423497475256e16,0.0008335000766666778
0.9822931181769752,164.7043395499383,0.006941642918129836,2.6258042362004095e6,8.56685406683921e7,2.4809288165801853e10,0.0006333781174438687
0.9823075346377762,164.7060443415885,0.023264458925776835,2.3210546985220653e8,1.4802211686041351e7,2.6063372992367443e7,0.00443118166158169
0.9823078395712521,164.56382061174946,0.015345910847655441,769476.7547912551,7.48450816922261e7,2.168640030029993e10,0.007585936499259381
0.9823246511462091,164.70287079167633,0.005865879571028845,2.455117488440734e10,1.2126332190957507e7,3.5117844884223785e9,0.0009211029999003297
0.9823290962321853,164.72682605683735,0.02037716030140283,3.358404339730887e11,1.8865039992663705e9,5.461693626010949e11,0.011930760562099142
0.9823973130171397,164.6802232975112,0.029691430986372457,2.0874324093476147e6,6.0767468799530625e7,3.734378161604672e8,0.005968280622573187
0.9824950284190883,164.6967091260361,0.02214600529604416,769468.1566087923,3.5261501661366015e6,1.0079230329941998e9,0.0005591747619882662
0.9829091836593529,164.63756068043202,0.07148861082555413,669592.8086637332,2.9275973610017593e10,8.478947176549239e12,0.0028019892178718165
0.9829704923603879,164.61821215096742,0.08172933212858675,8.044842558676779e6,4.426515877809681e6,1.282347302056056e9,0.030568207988779402
0.9830098417459753,164.58179476138233,0.07782714679148653,8.373633994298121e11,1.7376985334002856e11,5.032815420465171e13,0.004701474640288492
0.9830666616669375,163.7979262934564,0.058157518774713084,13276.663651492805,1.8493441945988706e6,5.374332466429546e8,0.05790075744188437
0.983912809345779,164.9706262130663,0.12001005949261614,2.1608139544374014e11,4.331763381605076e6,1.253227870269471e9,0.05253338393331298
0.983988706416054,164.4766259731212,0.10219021656022996,19933.00187669067,1.108105061932351e12,3.1910766157363244e14,1.350139348291829
0.9848389285299399,164.37184262488233,0.12893176614381913,16396.52016944808,1.4204119755312905e8,4.118641294739764e10,0.03353807599694753
0.9853715715855027,164.66242637249613,0.2227294254281005,651108.4605595875,175268.432927885,5.079392553106791e7,0.20474594261069962
0.9854133588548821,165.1559851108546,0.1601846736148969,862303.7553646633,1.4369648472468014e9,4.154325536349048e11,0.10657212693754674
0.986939244636071,164.81474090675022,0.1953561130769171,767334.9235001643,2.748942704623047e7,7.957531186524966e9,0.017470016532225435
0.9912163756904143,164.04344827812147,0.2655230912302337,18345.239544453896,6.19606287737461e6,1.5620708201173084e9,0.01366518321717076
0.9959774878284221,164.98143770635087,0.3349109558071022,2.6552250465535764e6,6.020606021762249e6,1.7417467292851393e9,0.027866727221330004
1.0014636738977223,164.66191164863847,0.010049054708005656,674939.9428886228,27815.25471824,8.087709757494483e6,0.005109362853189221
1.0310735525036179,46.86962679582938,2.676938852959122,936.0415796606763,104.75292868757383,80414.29811492458,0.0940385436116984
1.1543974689154028,63.488369327177104,2.811827633391926,351.11605626994503,202.69049356732268,25.358356907105005,44.362388061857985
1.169365583119649,0.38766707097060843,2.4265374116644303,548987.8189415096,3.6718394862589494,2796.6353638906685,12.69975329340941
1.2163842202487962,43.160968470490474,2.894838306756633,5.218375998301801e9,2930.640718799421,855.7774039762389,1.5426675772186598
1.2851023867506726,160.24553717931636,2.186044701959641,773275.8413265445,1207.6910373210019,385031.9016457791,0.30740916047520406
1.3379297695931744,39.97965000195121,3.1053881880625496,302.9300966175524,4532.690602392744,577716.1490184584,0.7467140991683126
1.4289349261202147,119.05857460454068,2.8405245783267286,26885.494009000966,2097.897396772799,433872.5243237704,4.840689970611983
1.609232318087899,54.378733945159304,3.4838342846097667,72175.2210223118,83.9357618452815,6.942688596493904,11.527607712409345
1.766875045612058,10.874827231374187,3.494497550405841,57.55536288326967,209192.57248236827,1.1931466096704196e7,5.096663798665973
1.9550895102796235,1.943086987066886,3.8904966493868627,3.584213430994444,29720.91569660929,4605.783881408342,0.0381155132795331
2.092524761679179,43.07551521781711,4.013550200976535,216.7667084574112,145.15063071974132,92731.79796299226,0.14382546523660567
2.5131302772787785,5.8659139679166135,4.524675434514201,11.259278888072094,162.92936143913397,372.5850949907727,0.42184771685384453
2.5876599885274874,62.76911806167788,4.421888987991688,493690.4968712038,725.9053335239485,144609.35726129287,1.6076058714784587
2.6713291007527533,45.130383258403704,4.568928032176734,504.39216948651955,143.29625104562004,1067.4057810959896,0.11410657718498682
2.7502943123073753,16.445962858858252,4.693895502396218,18.423363059708443,407.17100011430665,114111.72466918488,15.390551249458506
2.8291939733757716,30.632816417225442,4.744755021388141,157.7539693425975,47.73648035906214,74063.51128930275,0.1735312012217965
2.8957329856586695,25.060414945478794,4.800842918172438,42.52095802808077,188.67377564093658,5438.662210580102,3.2398145219353665
2.918293588565132,2.632576512440934,4.664470236825936,749511.9010294896,23.824588157637855,56421.60762198376,9.467649748514223
3.02900239749877,99.87940830506012,4.7271679773235995,10807.341041097263,18249.336919601817,73.06958507589302,1.7110288611315472
3.053270750496946,66.90371328410484,4.751687058391765,3.0958404593832595e6,3118.914307411306,534209.1846047695,0.33382924253223745
3.107585582460731,68.08683639714496,4.723054694174557,116.57783557061194,71.22280935512657,66.64788918512983,20.21395720159384
3.128198248299632,51.785040890242236,4.938276230007873,1023.7605113898759,10.997154596665581,67668.12504738505,0.2722419786993156
3.1481402133487544,8.888162633637364,4.91330948497357,34.972223740534815,13118.687262322592,2.1461168591970904e6,3.4855638463054284
3.2804647509796268,58.097116369289814,5.027206287483548,31420.306097917295,242959.88086892472,209.03416079715157,0.3104992600118272
3.4368251708322908,163.6496731520882,4.732588609233141,7.417333479909901e11,1294.7826272877437,106846.99013288852,6.086210374988265
3.5600628096948217,31.469655719126678,4.752718735768369,81.94326682005247,716.517443506522,50.6290068813565,5.551637159785813
3.5992577836342035,53.591237797442396,5.329246948371744,1.4245023115124577e6,91.07291299844707,50.05856954024673,0.3303112242176943
3.621615988661933,37.50683324408724,5.200679502499197,28433.24038575299,17.307045397866208,42.156374210588176,30.323509136107763
3.677027240718135,76.40342836045762,5.239899989319477,2.640633357471569e8,1.4293038464132957e6,2.036829284699328e8,9.974169844202448
3.688058799761539,99.9825365466896,0.2895317110247761,99.94904459511359,79.89561385372534,9.244155339638345,0.026701603620127308
3.7147159391374993,99.7464861635193,0.7809120676645097,99.83061413183457,95.8464650430151,55452.89520303031,0.029356957813743402
3.7291362773689314,99.9381600314961,0.2832850315544345,99.92667251694935,98.15568261801933,54782.99916711338,0.003243383942936304
3.7406369735475873,99.98273732845743,0.1909105076489226,99.94907455154284,6.013985103082882,41698.36381853078,0.0819228252846379
3.774151842224345,151.84713458395075,4.859476602972905,1.4843806246571323e10,15425.852714443352,1.0476997180843106e6,0.006810480548874371
3.8602646656351087,75.15255910434557,5.356095503735451,10415.367320269641,24680.57304066864,4.047855578966555e6,1.7723027239721467
3.9132993010106976,34.42882007143907,5.490955361279605,1030.1515819592917,4901.7634482261055,7252.707656556581,4.6118065741319905
3.9219246740147864,99.99375894232982,1.0441821384740686,99.96426912858772,113.82810624318365,6381.8120427535905,1.7885146603403295
4.138498228869389,30.231354157243754,5.684834795395723,12777.687275149969,67.55965045587025,51702.55057403715,2.4602838487421455
4.165094336845157,28.64514093406481,5.8078240518901625,415.06375458112814,190.71006948028807,25.147012778589414,0.13615940364157225
4.683918400096983,18.75706548328617,6.149773488888397,40.90171179014151,203.95229074682263,1772.3657580152721,4.186132883189515
4.919098499680647,21.588959036107152,6.305610676228872,46.49100559501792,37.37011909779061,46208.08845955724,0.4757091153621443
4.95404546408248,132.98531827493298,6.144470304641744,6.698405098049769e15,216.174190683738,13481.15730592572,15.561562433449813
5.265105050949613,21.65256702338516,6.367007014264084,1.5126551840864528e15,33131.81177034333,5.671187314990275e6,8.020646062489192
5.373781823203228,49.60153031119414,6.475498202082669,36.29298665668017,62.11146825673263,49.25351744477429,3.2164622323172964
5.409266304281978,58.52092800827556,6.553023332971381,15985.236879288206,71.77897389450541,76675.77048527043,0.3004989597012882
5.649243414526176,85.1955461270416,6.554623784808504,824607.6063464156,336.9788561202153,180822.43756459965,20.449110834997906
5.72057389632503,17.09124410988393,6.825234617804233,41.217482734237514,19.559127030565435,70090.18030691813,0.8844708687581151
5.844784650166822,14.331356165816521,6.921957925282723,25.628789517955543,34.000729234695996,78.89882011338855,39.877756995153305
5.938765214944202,49.72486719237146,6.868193792753155,2879.8883057504863,102.90853778871845,91377.15848991787,0.8514835593367974
6.130140627018141,137.32837701794483,6.841750128630136,1473.8946526830728,349.82591307772367,125859.2190399104,1.1012506398383466
6.186873471441175,52.77942477504899,7.044866593953173,171.6325352408172,3237.0221906607803,388209.86214160983,5.819614715258102
6.25554242234614,43.46019381799539,7.068799664983755,138870.1050356573,148.95449006020272,53304.88483573695,4.061130559052806
6.280241481010972,106.80483838247916,6.84822026614738,8.655933751215953e6,703.3536750340585,297608.9622431468,3.7669301129975503
6.387213540540598,16.387902594769873,7.173847562114655,81.18941980776077,65.42225749309695,268.1534151806816,0.010305551056297248
6.392934824905053,24.301761337557096,7.144700768582624,7068.372285192656,23.080781962043133,66444.40496452173,2.28289638437356
6.640904327834742,17.77148832678202,7.231090342571159,1025.2089557837896,155.9410189363178,121030.04676607116,19.29915437246272
7.819613939313863,61.560968936594364,7.79031023564693,151.34504504998486,13.915767679048706,80.68459559597703,9.370538073413758
8.155783935371604,66.68665208652213,8.098877458335046,3.744954288317135e6,208.82655493708128,9599.14949688649,2.7839198503885396
8.88192570356437,66.7283356423711,8.289455678827855,86.44267236195446,98.57331754823369,63723.32648170308,1.039959347770757
9.174384270468844,50.89064829818362,8.603409548614392,61689.07508961288,45.05620689437706,73409.60707635732,5.926520462765902
9.541019595119078,86.48096260350016,8.736070410629216,2.9582985739160324e10,149.21260364363178,102276.42501997235,4.96147100666046
9.830370889655804,102.19244747443456,8.856865983595831,3.286090216598739e6,183.6518297491066,106824.38826727035,3.741795348623763
9.967561844813066,52.50083045194832,9.000213585097361,1.2389553755280793e9,191.47152065534047,0.9137070802371845,1.2479796974747501
10.062872304049169,74.40753555882394,8.906767971408328,3.979648055433677e9,316.99083849758614,183127.4105168719,19.440303684897493
10.29689587342653,21.6278625157197,9.132889366686738,61.54414577136177,64.25204235723096,49783.11000495228,14.991548959726488
10.36603112352461,43.879377298124716,9.157259577957026,5.584040515659028e9,178.05311456907933,89.3058680182979,13.505631072258725
10.482470175394374,34.1861485971171,9.18614260769202,21032.285656235883,625.0442478677363,159992.43181696604,10.430125325337976
10.649513876087468,73.38213176174999,9.218719533756417,683.361830323605,105861.51633704883,1.6428107419851387e7,8.855304333810436
10.74890553815019,108.5426444638201,9.300465546463158,2860.2289094138873,89.91589546722649,70010.29008450388,1.0034930953504502
10.9444851808685,19.88236865374012,9.259502428501252,3400.3527271965377,49.20430126526007,43.08108352157225,9.85169621309987
10.960634124740732,89.4970151145321,9.35024654619784,61954.970925114045,1.7973955528006477e6,2.473044189447896e8,9.141114332700058
10.984447139415416,20.953180831627417,9.481697816887799,50.67007932827807,76.34891609742539,58945.529290464154,1.0244597723807838
11.308422659460497,140.31466108913054,9.506243235369976,769189.8956306604,132.38572568809548,73873.4148575354,23.04571592581067
11.56817541571578,89.92904267047044,9.56670251411338,36607.966316679376,393.3158772172531,198965.10265606915,10.28876779872266
12.095680569846403,63.09002371468837,9.912633495499179,1.2526347009121696e6,3722.7339746870184,69.50825996958655,0.053265033306696734
12.60744844678872,95.74462806682834,10.014046218235165,542078.9337019915,364.29073849766115,181674.0218884658,21.985298542916436
12.658333895768743,0.6069814422292512,10.190466171372373,2.09230811154038,13.999721429884216,7887.137982020486,0.501982037572664
12.705443085119649,37.48393836166244,10.1791289787962,53.519627616984465,32.86240586740689,58218.26505805312,6.272580184146877
13.108411088544258,22.190675934436875,10.357204953963008,73.03035193266061,350.9515519333967,2570.177421664956,0.9255999882732726
14.55702503785878,18.85531026454823,10.868566158054753,30641.424714641755,33.20912947966749,70555.40226291439,0.21162851008013703
14.646135714817095,43.50808888158537,10.853924925418685,7.3141600130789e9,10850.63816107943,218374.2515799139,0.20752268908029423
15.886479634991773,72.02140721051212,11.366231820197283,7.533418282782301e7,7548.619849610102,59.626892807199745,0.341665663356822
15.962851615044254,65.71678209509466,11.40102578965706,2.6763720611881786e6,74.36945360242804,56037.62487697243,2.4961901718129296
16.007126970934067,71.74406892585215,11.258097634436059,6.302902958397357e8,6533.523694447915,17.19867418173765,3.462852965290343
16.205260731244344,21.057194615029626,11.288444321164311,3.902369411327843,54.94424036426055,96.96305523872917,11.543563455467822
16.21175995210722,92.00345191631702,11.445863222783528,2198.211041229256,204.0627087337886,121156.5598926095,11.1283768953413
16.315312904213837,41.07278654756138,11.512027104661962,526264.5549894798,371.2392390635371,127916.21976124814,38.80598156883136
16.582368760587123,66.31994333061982,11.571300126515316,1.1933192121645953e6,381908.0356614804,217.64555575604862,13.808252862108475
16.807609083756688,13.580343371310875,11.694687438325651,1336.6512776087689,78.92515842092425,59938.30075029519,0.40002189387812165
17.57164769148831,107.16492503180581,11.904912430585295,1461.1826686325294,615.6881726965195,1836.063768519511,2.745917154715182
18.295121389205292,51.41474082703194,12.087915612934284,2.765207877386034e6,23306.732340199786,72.06315224009114,14.028033576172366
18.350738802073504,59.82351960574523,12.25005081071801,411.8454187243482,29.51433716647725,28.954007461424812,12.018934637176299
20.554683795611734,13.286219442795012,12.914252161736412,1.4825710076266022e11,1.0367111345246712e6,1.1763878018185668e8,4.485438675655528
21.3672156957618,83.04117323773389,13.151887256517469,218252.4921809772,449704.32826320396,7.03365734201478e7,13.829628558426702
21.405308726676758,67.6751792251295,13.207189301732535,223186.27347842115,6351.242553326956,684904.0040590178,12.086910944203137
21.451878251161325,4.619966107768137,13.15089324924954,3303.645137558821,443.47151552838227,27.81438922776994,3.447821377207974
22.5471438301979,43.062209778494825,13.591830255329892,119.19657412889826,18.477631255410476,73437.07971997725,1.0777753184126544
24.011984315200962,78.63190068022072,13.965644302678317,705058.8082919676,1303.7061472578948,310614.31687785505,24.52891352270293
24.54772097172767,40.515002006353036,14.154136320574565,1.5775236749917505e11,72.52684057482185,91877.2596252717,2.44828907916635
24.899633012257382,43.906701811422025,14.254272846876892,839095.6388192596,78.56434352460518,94882.8597281191,12.434872263008456
25.466712731045025,82.04530856635968,14.393288758495885,328.20867978610835,693962.0547288057,1.0231200053310654e8,9.09711694182739
25.483231102523924,16.739712886140964,14.397373394636064,531230.0766693265,96.6297898778965,108290.07401027899,39.736945402293635
26.757454155734578,143.49817149044497,14.73587137820756,1.1043343958977603e6,271.8590106631733,116890.61698333669,9.189093536261945
27.880441556340653,46.71611587309679,15.13107784134555,128.21621708175942,45.399443515412806,71813.46131858154,2.004919182000638
28.761673439052437,63.29407298513601,15.3268098095618,1.795145890954402e14,35912.69138754078,5866.551452561557,2.8011591249108614
28.766121552962634,122.52130606038779,15.289975051366289,17143.58105817894,320.0037660104884,142321.29284483593,1.1287814844386743
29.001326597675344,98.97045772505514,15.362122255037661,5685.666392112248,364.5929653264126,261.59035690297634,10.576683492823273
29.07181475109081,41.16557864482026,15.411775729076806,59.50052685804906,18683.976707240636,186183.45950841813,10.603576987247285
29.113285756218808,122.44219090952389,15.39044617665617,13017.692776697748,3316.1375872395865,1640.2988645091443,2.995801390511257
30.700417694754982,60.40475008692568,15.860182541810698,214.24193097529144,10730.989289784176,1.4585299574068915e6,13.408370156995897
30.89727309554298,131.01234610170206,15.870541895275212,3124.327826866579,178.6557987791941,92266.47215546756,14.068060414908784
31.00052017035199,90.6646680290723,15.923689380893535,1195.427922693227,31.013000539480778,77110.47822820056,0.1274256394733713
31.19011726545369,21.930704735877566,15.99814724491116,50.8773834975196,1132.7376388694597,238873.68756850358,3.0057326731557463
32.002177439506234,90.42514386133092,16.15730543094896,12398.466284201711,68.86301245623312,103515.04792186373,0.9386737901862667
34.68315954192696,61.2479499114604,16.868065480465148,917.4885681181638,62.90020479460333,55111.00922864502,0.8256670469706511
35.04975235057434,76.23079722277325,16.94341253034092,613774.1495582252,156.22559841066933,91793.4363342777,2.2731631277191062
35.914953818263484,90.75054999751676,17.129493556182716,6.033063630728412e6,326.71838236654736,20199.257455096667,10.970536321276642
36.31297296130288,137.42765176472247,17.217304209680098,1.3217525933102288e6,175.8914721155061,88856.96010501962,22.149214142921004
36.48499655722399,49.795448242517246,17.309097380141885,600.2172520082623,43.37145559991044,73081.26240334472,0.9769091524383463
38.22739779844848,40.198720259118375,17.67817432623431,18108.75715263938,808.7686821208374,230520.4708970995,34.00254967778882
39.368828080651895,37.57859082112128,17.90785678964461,595017.7038146602,13.01948072508576,42.305024845830786,45.21402968549063
39.45147661924098,67.44078809035932,17.970449737232975,35517.86453282731,208.44334112891943,120202.169889738,1.5288380180747125
39.51917790626773,18.8451466364256,17.999710520268188,208.2091890901651,1.0574445991321697e6,353277.24266583996,1.2321997658945654
39.93907266245977,78.89512277448334,18.1013980935936,934.5668543603649,80.60825965522137,77143.5522672564,1.9696306839871218
39.985616747081956,43.23547799710722,18.10171396856089,214953.5225649377,729.9700796117112,83471.85934000768,4.272600892564041
41.39493780942434,55.81042620161003,18.409105076453258,4.901537001488432e6,1.8309630606404576e6,2.329377292790834e8,28.933502730120235
42.66563897364685,73.22662028238038,18.703077857305974,328.5960398273036,41291.46415415883,1.3458173565906178e7,10.996968621865289
43.06287156983186,77.1486272538662,18.76641028371906,640399.1217384515,20619.096654779994,3.1056190226192493e6,21.668009552519408
45.70864937754972,87.18389619791397,19.345746233371504,1.9308368831942915e17,188.80459712679604,78759.28584471163,13.008373300208605
46.631426983667325,40.4150796442782,19.579916255270273,59.997527034374976,225.59251798744958,667.5547391897051,7.614937358586009
47.31906430793968,118.40414811936112,19.68319777013294,2.258954584924369e6,181.97683900038953,131268.15507284392,6.984713916869074
48.57468348924951,131.7909013104511,19.93477537512474,2625.7113658273515,248.5450237818189,17654.535383309307,5.375705404672521
49.23931921452866,14.130501141809905,20.116911797397208,908.703952886275,18.246025242926752,54209.40842410734,8.577123290191212
51.45635515456195,88.27006590536395,20.547824016478412,31226.031864932032,617.4456571385805,136779.14011508826,26.838041242735134
51.92770642722133,19.75365016443791,20.636470552868317,73.13646935023198,1239.3886026682883,2272.6587551244966,16.686891209377983
53.239322528547106,48.80113143207248,20.915023986647828,2.795937066035015e16,142.58545421727248,21985.6229448111,9.542136917854712
53.517082881554146,58.90077229891317,20.92765420196766,1.6098204166787697e14,229.40530374210314,158743.7069132152,18.58671002957602
53.82045222504101,61.23505294997833,21.015702252203976,170606.15903553538,53922.51511353058,5.504402877180923e6,5.417018085226092
53.97337978440249,64.59083782766018,21.07401106963461,87.2676233034234,145.34492583009794,11.736874852627817,0.844390235179532
54.892872429634984,115.62296400351804,21.198038818807095,1.6683049277113874e7,286.17502026037687,137134.62597118196,6.7648812995318375
57.00030218703524,75.96278032333305,21.63976094416978,8619.914366918663,335.378907256371,100843.12287696589,25.04462087160182
59.49134980352163,15.37661165756654,22.106457685189557,4.269702825710426e8,17.294275972329668,16222.891219574472,15.381395759483004
59.85182698385855,79.68649762885664,22.145967670533466,5.3847072666966105e6,939.3767195381579,48.52406619817052,8.84357004747635
61.6262177740654,27.158644027761497,22.475137546064463,2.5795656021682993,276256.7414368983,17.402988979859877,1.6641128484862246
62.96553000461153,47.35882191022447,22.74005556171268,3835.6764497150903,18995.996296696474,2.2068958336162353e6,0.9741560916344715
64.79424883156999,18.368238292006026,23.051307169196665,3742.6937406717097,936.7197824404395,79.46388886414954,2.3496968844098864
66.65631395080747,13.712870493834025,23.3910036980718,385228.74471314193,24.807492458172803,83833.41285565725,10.379164175897834
67.82842341586905,42.32226570188101,23.590562376244826,71.97438203296043,78.97899279848676,33148.17358854567,4.37635101902317
68.74943812320278,103.66719166934433,23.752032134560473,411904.80528527696,356.4918583267281,22.568696318099246,26.09970341581942
71.69561470120098,109.39566328125092,24.272097184161527,1.181903823016852e6,52.96687451915612,54435.8971920162,7.039644380831128
73.01896658620923,19.815728785111855,24.48556724753222,37923.556793442745,27500.607462268315,1.4313944063705252e6,12.173449578513583
79.8955789712068,73.9464208711259,25.612683514514913,1368.0823577855174,4914.454939642323,1588.6175144507954,1.9964016839591652
80.89435518519014,76.92635370816302,25.772699561393388,186.773683165193,230.7781797109765,143020.9767872352,26.52740055305963
85.197410098732,48.64727829784013,26.441659965762604,54.29096965702877,256.72291450819955,183344.93587066318,7.297376810788067
89.98419440898655,73.5916614061744,27.20341376276393,222.1452719566439,2931.1495417300202,217865.1415306837,4.127553483245939
93.74310630306756,111.73803803989385,27.74248595211394,4.1466420220884827e11,301.34553582674647,145126.3554717173,7.663271833476169
95.64262672088202,136.4127607185192,28.027972371543523,21057.8367318225,214.0745787392744,96777.52734042994,0.08246025339053488
98.5787787022593,77.42560359904189,28.470643032288613,2804.329211173168,149006.34981188734,1.5479445548399655e7,5.476950579913716
100.28392532786658,89.99307189910698,28.70871801660146,769379.4049110159,201.43284574103282,121449.43016476143,18.40722942332757
106.33880192319882,38.55764533319643,29.561496656918006,1.7154110245523708e12,161.9616715547802,150.3422773304936,11.772305336658677
112.15601677468496,93.24424949958089,30.361067387501578,622928.6975615466,246.4631549308233,137260.52856966792,20.75980019752761
114.07231634805795,19.14311839248214,30.655974933032564,35.39345581240697,26.447887466041195,45221.49033437195,2.2321985865890825
116.51867036955942,74.32354033698718,30.973074817085628,3.209735062861425e10,7932.556720088937,19.27202045171755,3.9577912567239597
125.11093716281097,39.08692196297387,32.081932532616705,40.08922078081014,5866.951411799596,605435.1327418571,9.569895692789355
137.89452708654952,111.59830989490692,33.68126435897053,432088.7278400541,185.45717839754667,99396.56486027583,16.331000530765934
139.0571202534072,44.181758780475604,33.83980333392245,54.56658430800201,163.1759859036768,82820.68455462482,11.95853768918567
139.69884884392178,94.59068422284567,33.899596673079444,30646.789683786188,263.8257468351434,6939.74658196269,10.79071059574863
143.81088105520678,138.11940321636078,34.38756307291888,725801.3061046363,249.11688698723202,75159.39089435716,1.704861110877759
145.1624499888586,36.06428310013525,34.577539403450494,1.8109541721238258e9,13.820626154896921,48779.51717829179,6.531533170338396
148.0114013527086,52.733846244864736,34.90145487690137,297363.6776169301,114.77817129942359,107591.79323361913,12.328629812570819
148.1946354121909,12.835094808057471,34.918797622918646,1.4877318503619663e6,31.747514055156483,38826.92445692867,5.65313027591324
150.80551590612126,50.61933806527266,35.24968516069231,44.33376268606139,15.18486560564612,58277.19597210149,6.658791085541117
152.62334175391655,91.63000976514876,35.43946639553936,5.9901659329278e8,174.1728340746571,109343.2419533844,16.449315739598756
153.00545733466387,25.63053834485042,35.49312461846271,2.1303704030965034e10,19.083404250142227,2962.42223064697,10.382656422887605
153.22940920234407,85.3634617120228,35.52070181573496,11207.38511701405,52.430729877770396,530.8161503005643,9.791643854176453
156.67539711844827,26.110778603566153,35.91883546752702,507851.24717628944,271.47515287704294,3458.751229269097,4.302981892760641
157.5837557467904,23.950364147630747,36.04133677237499,67.29423956053662,8.471924428342371,92374.84104653147,22.584811161717308
164.39911800331444,57.58153891618354,36.80039678686982,49791.12737605277,0.8715716655130513,245315.40314735824,0.7619391914184145
171.33301008858228,61.44905815903429,37.5694925579139,1254.014953493528,76.53935720160158,456.4505085851042,4.662311769563673
174.42153607396446,74.8756471795385,37.891959670269564,3274.132598668055,11902.29873186575,1.5791321590915348e6,17.001976506108356
189.4852950455612,55.344220153091,39.5016186956047,621053.3210966006,92.24816992860526,94688.5798739813,4.629781197889768
190.54611842539853,59.398414788785175,39.60277213778702,79.40210390904944,9577.530019409101,98.01422396605946,0.3521211594680337
194.11301397967094,38.44612522944231,39.97804436797768,22938.653969868214,98.60041747844808,3285.086215659862,9.613601757392393
199.49675120536045,32.244796800384925,40.53262639228431,1.3053519554502387e7,52.29525768008326,178942.40908226083,35.168047812495196
204.21442294559597,59.05716581443974,41.00888613055542,263738.55686079897,107.50521598033035,99229.05489506401,4.291184003145368
207.434918440318,0.24257847858724943,41.35192297084656,5.78224149827038,58.049226138338824,73013.3728265861,2.5507008801466147
213.69835461650513,29.383892274354277,41.96933401950172,81.33104200122747,12.374022566451513,67349.56774057698,4.638475482319148
236.23285315961053,46.68838842361042,44.1265333233521,148.42319987761272,18.96588873309574,59959.71846242899,2.596086355424967
251.90879287543046,6.024048502851924,45.55155067043749,4.304713009211013e7,99.28013015099869,49605.821804533894,6.578893171289955
285.4092427414997,34.422298499331184,48.495696831713474,1092.846595983977,168.5524273843621,1557.2723566262205,19.683744427070536
302.76411891689645,60.378855086582554,49.94264454163692,3.2743978311458383e7,116.73171025927903,103387.63023594499,27.338559337346176
303.6586482147171,3.8036684364724107,50.03005000273881,33.08118740162545,2303.1963139447766,18470.41829071749,19.743427145158794
356.6634081269785,108.01403533554148,54.20571031807695,4.3440206774828896e7,275.61611988018865,93398.99722012201,5.687760385274796
412.4995912347275,9.370028110234855,58.29444992722409,268.2482391471652,252.20238117568502,3796.0856235464694,0.44034551770314195
421.16294345555167,56.76179295669147,58.917586328516634,5107.470768971288,54.40077321058757,71468.84065519883,11.079253805242812
578.9567859986871,67.76409292703701,69.08141847542039,835622.7208690961,62.255195063516865,2632.055324714725,16.45850456795807