2.7023010471648562e-9	16.959104486748167	75009.74409225934	19.26426586403798	821701.7140265274	2.2119084070094255e8	9.971145731370162e8	8.318843518240646e8	4204.9878819120095	0.052827776341814243	0.5061910744724758	64890.21676548619	9.039644748713934	1194.9881391846586	1.0488406566322232e6	31639.7870508564	2.4504049369804006	77486.82768377238	22.49323300375869
2.7023010645575553e-9	0.0000577488839902624	68905.61631693861	2.9795221431267015e6	27330.128648478636	2.239331613176294e6	9.998639504464957e8	29089.708608990197	0.4121226149996296	4596.641775661625	9.129969244525528e6	6.6462414546032536	6.540814518328017	140.1494654214328	409.02808140990334	4.504455423932629e8	2.7922319151392394e8	9.999353171347692e8	124.75328572212902
2.70230116738583e-9	0.009582919555993783	2.246742531242104	0.011034241534923626	20626.941436111567	9.964019563835725e8	7.257878416282914e8	1.5967036472364506e8	466.960278263498	0.00015620095657867456	10.612046122195304	5.110656473307333e6	1339.2612577078444	1.0047867591094656e6	4.859412887161367e8	9.96270853961223e8	0.42917458619903653	182471.08868176574	316.2571952329635
2.7023012073480555e-9	4.1314745190404784e6	9.999729447378739e8	16136.788363912803	8.041902171062728e8	0.006740279271521673	110563.75160072096	9.999994991648433e8	1.9177275430155758e7	0.5043950117553312	0.41513762547605704	9.999746419288644e8	963.152333321173	144.19290191059895	6823.159414965593	6.179215195106422e8	125.69071103689717	7.13890230495576e8	152.7808478799791
2.702400944761164e-9	77680.50862880284	2.0502711809845444e7	2991.2872380723093	21647.053907634094	41.316709283980195	119605.05022023236	2.1045898672697607	0.4137976056964378	219071.98291400165	1.2717626126756264e8	9.999281172816614e8	2.4971061247158716e6	1.1800631113002598	412.2542801992872	5.2650834922633976e8	101.98700823636321	9.990009290707753e8	63.28982862474338
0.13732179536852515	0.0009192355824135124	1.0206246378177548	37988.83523606671	13106.948618401395	1.0692552885239326	110809.63128500147	9.999994772442427e8	182.26062068860537	0.00010617348657053593	7.928995694928994e8	7.210593384584433e8	42779.72993421482	0.4274260793586362	1441.8209277728174	9.999994772442427e8	0.3473756341960265	9.878245049343511e8	7.601910066064924
1.0819491435417954	0.0027569627071745723	5.603345908174126e6	0.15455315192875904	75540.38391333401	3.078172655369463e6	181498.75484239508	3.2253672424207157e8	0.4916429894132436	1.e9	6.296220612230762e6	2.4889488876982027e8	8.632466289387258	9.827893124395196	3.5496670088392557e6	72225.60173998689	3.1451537718719873e6	994.7139677788983	193.41511410551863
7.459884271608679	1.0000070247512755e-6	0.0002271752570754599	16892.673065950105	82121.45530281246	6.359328177982271e7	0.0013293906436130014	3.670075473074436e8	20.814980368919276	1.159309496904274e-6	394755.3940007155	570.5508509949785	8.108703349148732e6	473707.533198542	9.867534287557254e8	9.99960391347259e8	1.704177728620203	9.499356364261743e8	2.4558278452071613e8
7.459884484640366	5.290792253216711e-6	0.0012019563917248072	20080.121903517174	9.706804686191978e8	9.999834537143625e8	80.06607524516538	6.161133112032018e6	47.49764972818951	21534.254416481017	1.6292717090620166	9.988556212042145e8	122387.77365932049	233.61833269457364	210.31339815662787	1.7621131496263614e8	9.999279387060125e8	22.501518314286812	4.0764405749517673e8
7.459884487364377	0.5722630592673573	130.00739660789367	2.3664980471965773e6	5.219039339440892e6	9.980295316220955e8	5.907152635081787e-6	8.330333380905819e8	1039.7707545632213	1.2646060858456731e-6	36255.46439482609	0.000954731335439373	15.348835909696248	219.0054480228785	9.981449749445913e8	7.781599743821654e8	1.5776634615671021	9.058724545389608e8	3.342098463597602e8
7.459884487565605	0.16766064799523472	38.08941844958249	665867.8846172787	85801.27546477174	9.995578075343477e8	0.0009228611765002663	22029.82703986242	1.5752051436183725	2.2592301662797895e8	1.190322476042389e7	1.256440771702463e-6	1.749451735086111e8	9.844364946574563e8	2.292811056339788	1.1418938816485277e6	3.763655530719837e8	1.8349545084721257e6	9.805648498388284e8
7.45988448756639	0.13389679880993177	30.418839794539046	0.0001151638326505181	78756.14124507723	28240.002145190123	0.00004356233499814217	9.996748621608849e8	8.467648246262387	2.825025857650038e8	137.21735717183014	0.2762916766335221	55.35472558483334	22.259251879027953	0.00004700750706822944	71063.60237622389	4.041185137404878e6	4.079151363140104	9.999995895182406e8
7.4598844879039135	1.035091795073382e-6	0.0002351460156595209	18902.214888753275	9.415577468854574e8	2.2299632915702438e8	0.6619105540724519	9.434300416665877e8	9.999133373768063e8	522.1162367220193	3.537078660627042	3.2693159226247166e-6	8.867660864935371e7	5.8080326703794354e-6	0.0001469612919342391	9.434300416665877e8	422.05144100063166	12737.956056507584	1.0004422878335016e-6
7.4598844883388065	0.001977266416490943	0.44919949622852423	508.81612535474125	2.5510678558988355e7	9.851306945926722e8	6.995987359745443e-6	9.989738601248399e8	6641.026849595342	775037.772797723	1.5767996968410856	1.0000206512930302e-6	4300.735733573585	382.7143071423709	9.99979349939327e8	4.2382270752628865e6	9.999999717242572e8	0.5283407224862327	1.0593239208686386e-6
7.4598844888093	14.715679004289006	3343.014088205171	25.84970047422595	84042.660561349	3.987302939296303e7	3.1024838733822837	3.0118944990267582e7	1.7545106720105512	110.86260194334079	3041.0893243531314	323.5585688900196	2.7535335881498575e7	1.8542910016830423	75.92483499445628	521.3614206238946	16.056622348035518	0.8427051310561477	0.0004973039140758055
7.459884499381035	31.022276954237647	7047.591135453437	737847.9725204865	1.0371075900292341e6	138.2296822104488	0.005418241736630283	1.3389239626972262e7	1.8038571226401128	0.010255693359636577	60680.037587062616	1.8972951630115222	8.838521029988067e8	1.4216912652861178e-6	2.0705037304863105e-6	87038.37516152179	12.42946800315415	1.8371000373970366e8	1.1053002121069322
7.459884501237723	729.9863908403498	165802.0753475141	116.30069313840035	2.6859480387444384e6	881488.4660497538	0.0051041369731365605	2.7778295008911125e7	426.34650842621505	739.1525048594655	906.6332186152525	0.0175775472730337	2.375362270532854	0.0676117923722007	0.016874734927431568	7812.640773187493	2.8750158607481113	4.755515069691381	3896.061186160953
7.4598845016813975	1.410116812938806e6	3.203472848740174e8	3.014059346473548e8	9.985166378091946e8	77.86209840217047	2.6264710838644933e-6	1.7257076727683498	2.1873041207118322	187481.0148431231	7.915967216978947e8	14.96463428574433	9.999319406869179e8	0.08449662378751796	0.35869373337134186	6.239183285086079e8	5.630243015319053	9.999797852801925e8	16721.527070062508
7.45988451068375	0.00001423753117812422	0.003235383995688787	1.1854616047719015e-6	78757.05655237123	1.7662044023047694e-6	1.06548916667932e-6	9.999919114196962e8	2.419773429996084	3.8764129207701563	9.866033617530645	9.977084947490739e8	3.512008424517524e8	2.393722718214738	0.0328815687999344	2.962942930110856e7	11.586453223754317	102818.94021656984	5639.680009185962
7.459884513158982	0.008174565691170678	1.8566816405125879	31.286909235155708	78759.66867021742	6.16319236880152e6	158.90166456595216	9.857405034840852e8	1.5816366417308299	1.631043862153511	302271.56898364297	2.7980484803074948	0.5710080349058427	0.004298607800507612	0.013187815970286433	1.814533555129987e6	387.853683004825	0.08784926732083931	0.8707696686154057
7.459884517302062	1.0006240885437032e-6	0.00022725631242566076	1519.6562487798287	3.734356452922597e7	0.18354362474652483	7.396016851684079e-6	4.923851513019147e6	3.3784960136795927	2.3828728045227915e7	2.101799450266468e6	18.169372417087576	2.5928220906119584e6	5.040507352189076e6	98331.3220576762	338.43442722625736	36.40954020206209	58014.609254700394	82.74625543526116
7.459884540511601	2.681887301946089	609.2708036567764	2.0238803394423717	82215.91587482314	0.5917833706281993	0.0020271314663673073	9257.427986513621	1.6313302285081257	2731.761569955415	59.186962856123834	11449.759057360843	9.503689761716755	0.0001486710439049756	1.5869609138854088	9.242144442832764e6	9534.25627831501	6780.227908283855	35.74484491526062
7.4598845646668135	0.8266276948758406	187.70599733985557	0.41942902703295293	79077.63662007371	277884.13065304986	0.0001167493756169542	9.154701818359828e6	41.47921520912826	1.271230851706425	178.6266719356129	17339.04691895985	2.4816870189694315e7	1.2991586768756062e6	9.994243187094294e8	1.2485720273640633e6	1.6642942772957574	0.006225325203045966	0.0021531878528490245
7.459884574119256	3.087422546052997e-6	0.0007012250226710326	270.96901275300957	78770.079226415	0.02159903105515968	1.0000012870998437e-6	94290.29366722536	1.578914404426763	26.16432808881336	1.1925563410072748e6	20060.368563598782	2.712186274424802e6	201102.9972205786	9.593298404628775e-6	9.302590098241221e8	670.843410787918	0.034306652936035895	1.838527477282457e7
7.459884597173333	37.36807159217007	8489.31341567446	105553.35755730636	9.854529743037512e8	0.2456205786829972	1.0000364641029963e-6	9.952286431803702e8	14.54068541250731	6.318324388153747e-6	8.434395856722968	1.0269671758886071e-6	0.000015329118447217046	1.0000004870889687e-6	0.00010547712630740844	2.543459917354188e6	2.2346091444597507	93.33037960310334	2.3297362063370763
7.4598846188558445	0.002300110410579515	0.5225027745379611	0.25579404445332665	81577.37330552618	4.0783281689333073e6	1220.0128171272686	9.999999206989741e8	2.0220227568330773	680.8023279893715	7.1287072101424815	0.012178374307815355	153.6843813237963	0.3306569779911299	0.18552573848110812	664919.0414235358	1.5755554349377854e7	36.97699567700867	0.0027932084643654638
7.459884620008007	4.296998962158015e6	9.75648295712424e8	0.04785012146744476	78752.16119943195	9.890458255522743e8	11.813981696330421	92500.96603444839	1.5756451398814246	9.999995222137088e8	473051.56416002003	0.0007713022355362308	0.0004835736799605172	1.0096753681206732e-6	3.1810762097320135	9.999995136250677e8	1.2064782525979886e7	1.8047936159613308e7	122388.56243473662
7.4598846359437205	664822.1405778304	1.5113531303687188e8	5.72210250284198e6	4.0953648200757414e8	7.535192071905606e8	0.00045130563834319253	9.672176736382985e7	1.5838887433131277	0.00004031688985362188	1100.550273809468	6.7387152066157935e6	1.192969345589597e8	1.1851274482342562e-6	279.8964412862953	7.774476146801123e7	388.8040968472978	870.9818404656103	55.65038187424193
7.459884646193638	1.0000001020736026e-6	0.0002271806896848924	754.0247702903864	2.7362330336002182e7	3465.4842679730505	0.00004898227984008716	596.8377626456171	5.702301093767399	9.835533718106663e8	291.47079925187165	1.5578884743248599e-6	1.0032333455241467e-6	1.1140421233883388e-6	0.03484642182128357	4.751592198553653e6	7.399473958044089e6	229.46638616980414	128.96938922387636
7.459884651586259	1.976398560039083	448.97918132635505	731.1976985113945	2.7704167141924866e7	3.697226969530939e7	154.18921177031646	8.764663643341282e6	129.54824906545156	2.4100095834013928e7	7.400550211208615e6	1.3076590809517207e-6	1.0123526288602083	20.84466580156707	289.27204278659553	7295.644928818845	6.787428455156109	5.591768913467181e7	199.7116370970851
7.459884705879398	45.41296833318692	10316.783703799993	105.31912788472134	5.320402108366231e6	0.004081828073385546	2.997193895205302e-6	2.213915650434906e8	351.21797115134234	74.68652806106033	1.5823037037977832	101.16411215534008	0.008642442489036993	1.1037300287724676e-6	0.000015506718836058972	5.759203028346988e8	5.427216745823579e7	1.2474614653233847e-6	0.00022647326069520112
7.459884770717653	4.281977879608698e6	9.724611768461752e8	1.0000761359401224e-6	78751.48746837987	26092.335862049204	3.526834702267189	9.987954992370933e8	1.577329381629594	9.987960361052634e8	9.871077571531309e7	1.0000005333018748e-6	1.0011271259478033e-6	0.00003149376661004353	1.0000550295445793e-6	9.987954992370933e8	13002.804136079652	6.372276231381985e-6	0.00023734486172386968
7.459884829004166	0.01090462596908306	2.474419594679548	12.37163486975167	697140.4771058729	9.965735709650555e8	0.38021857556131183	9.999994006603073e8	9.142974694931637e8	9.999999434945629e8	3.196889135585976	9.999401754940776e8	3.0473937341816425e7	8.283698926000133e7	18211.546589597252	9.999961207733406e8	9.713297894505024e8	1.4515754539896883e-6	90857.03686196163
7.459884842957205	34884.29366125412	7.920069558967769e6	0.202282901924039	88716.33321277074	0.000042371954661435283	5.362743508439956e-6	1.4921650093579735e6	245556.0124512919	1134.9852065720984	18.452896590224437	1.4927573078770693	8.418973886261353	1.1379061542116073	2.699147401087236e7	7.895033347201469e8	107.65178698056351	8.713580184007664e8	0.008235245555675346
7.459884881165163	16120.875944836995	3.6623613126889537e6	37709.44010681573	9.967159804157287e8	2.402570352685778e7	0.00036289092281838057	181.5661815719296	31.349498486662693	0.34763103125684003	3.255391975217016	0.0005138725187516783	0.01292394909931936	328.16393530039414	0.0018493068935041285	9.999003365348209e8	3.7422117609747154	1.0000005117496672e-6	74741.57233626553
7.4598850369111	4.407548861917468e6	9.999857831808423e8	12.42388680134719	85550.42143772458	9.999736245579616e8	20413.52465201125	9.99996304611037e8	1.6398147579166154	1.1527667013755984e-6	143.79699943818898	1.002244372845809e-6	3.8341519263027357	8.275504509693058e7	2.143866209465997e7	4.8747960796882236e8	55.374139915902	0.1265424585734426	1.0007553207232962e-6
7.459885129080231	0.4418112696716624	100.37131768501679	113038.84775353318	128674.83719076637	0.00006428485552655426	0.00011254018659193463	11.840879338796075	1.6547486292449414	183776.4641557393	9.9999958049211e8	9.999994667444593e8	1.348650591000824	1.0883643955217708e-6	9.187770817144518e8	1.7731540065712887e8	32.77498725040911	6.121432689951237e8	0.04914157307573413
7.459885236203811	10394.088767012614	2.3579246315028295e6	0.002942058765724152	78800.21259614258	1.0360070004974333e-6	1.0472728625808178e-6	1.924601365902884e7	2243.1929524277816	71.470526518366	148.71898688520014	6.195528891836633e6	229283.42262167332	2.9550460924998038e6	3.998453396344562	9.576720535816337e7	2.3588230809748647	2344.145777083911	7.409439893989935e6
7.459885278011912	0.8445330810023642	191.88231525966262	1.1514608043863913e-6	78755.73761711942	5.634538301517969e7	58138.756689807386	9.549962413238409e7	5.4866713696268725	272723.2450324013	4.752991757450112e6	0.03144794619656047	0.47584076170066564	37.13624027265199	0.02883137849832309	9.999997575147916e8	2.3363295856880377	7.572046302180298e7	9.999994675273379e8
7.459885639406535	11955.182223675029	2.7176118288884545e6	2433.4996148850773	89139.46754390057	128.7329889258935	0.3973246579067256	9.961354865123483e8	1.9914006147363144	14244.233925869006	3.4867769552417345e7	14.414368114215018	62155.4781834504	0.020009875215457093	0.0038343604197962045	8.44733382996362	7.540073444367032	2.403126449986216	0.00015076778649075566
7.459885719676948	0.023691658936484714	5.382303472488034	517096.56550688285	9.971148065883387e8	50.03157262670794	0.022183673497594997	383147.60243315675	1252.397998457917	0.0026438419461030857	40.90845847314646	2999.5507006793086	2.4218275035286257e6	0.7279026926121975	6.542754387644045	9.999995578346806e8	1.6405402083249574	1.6232294865608636	0.00008071188322800991
7.459885806307883	28220.30287447411	6.410706885742518e6	3310.661932174645	565304.9069603806	20.992235757792486	0.06592987492831717	46.57044021451472	15.075882515943611	6838.814305280548	2.0769962204892647e6	0.0024665858931354977	3.8569738032657384	3.2146602500950163e6	1.6194394069512968e6	1.8516911335812503e8	1.764786739227303	19.087709706814444	0.0012345000979029502
7.459886411516439	0.000014145491013244908	0.0032133966132832955	3.956867000280992e7	89623.7194561667	160218.3564466984	1103.1073895716133	28718.02395872742	1.5752050826767825	1.3017945938430112e6	2.869836635909254e8	0.00001650948652476831	0.7682980034620339	3.73456226681236e6	0.006035385412978865	1.7019794782867253e8	9.942663509173303e8	263355.6206537557	8.137735672636901e7
7.459887876319464	16.783154306443073	3812.7942585869237	7828.016207301582	2.4886321069464732e7	1892.0857849302959	1.0010310544884932e-6	9.523392758446668e8	1.6821130247431055	8.845190760647981e8	2.33071104006504e6	5013.456115551018	0.00008216105539514165	0.1101098635888342	6.298402383155541e8	0.8721326560453511	9430.837878346309	0.023877255740227796	77.03214947609803
7.4598896509341985	4.390207011202261e6	9.999625571674571e8	6.902375255151205e-6	78963.20685971367	7.806986040985852e7	1.0000225725424747e-6	3.173730990698763e8	21.319149619220806	0.733479151363325	39.883746866541664	1.0000225725424747e-6	0.00012839422892935184	9.819618931449983e8	172.07694331601374	4.72651901554896e8	1.8099468156199932	1.0000225725424747e-6	5.548684988679848e8
7.459893459483645	0.7975730278737878	181.1909753943018	1.260780687409165e-6	78751.3296407909	0.000039622869849697427	1.000078680286355e-6	8.030370710299969e8	1.5794936056510214	9.930913511753509e8	7.966976171641695e8	0.0046655795866104395	9.940925540545303e8	9.980419830289754e8	8.688143173661627e8	8.030370710299969e8	1303.6188540605235	7.04867906292593e8	0.000024100598812932965
7.45989614848259	160.7602552983229	36545.80173953961	74952.32608974929	1.6848799707010183e8	4318.0888236082255	179.16854627219772	0.8442642854315755	1.713877858088183	151257.0030827374	121106.15462329342	0.0003277217771275008	4.093377510789894e7	3.4388454158549693	2.3825950771413284e-6	9.999965248755392e8	43.79075282369682	2.3704289550544475e6	0.10562432629074414
7.459896673300143	2846.380064989891	646633.304001332	9.955784266474242e8	9.999704998530825e8	0.07330675925816296	1.073795689406631e-6	1.2236563387976353e8	1.5762891221859598	0.0006565167727771947	78412.50997449513	18.446126854643925	6.494041008100106e8	1.4736137333124534e-6	18.183707393376917	2.2818442272173468e7	2362.5640786272024	9.999994675273379e8	0.000025154489200341277
7.459941928812409	0.21913724330909018	49.779026776647974	2847.982550799918	2.4715347596799944e7	917.3130732995152	1.0000005307229799e-6	3.2165492996887773e7	156.8074665418646	0.005757388837405338	9.130713099970452	4878.373396096148	4.917091841121555e-6	0.00025559642490104666	43949.36580299765	808581.9721806269	1.9282305333810423	3.1669197000899054e-6	2.684565734436444
7.459955340347235	4.404850602894101e6	9.999972739041481e8	0.019199269942462325	79403.34975714341	0.749877134462217	0.40015555475963593	9.875070814464923e8	5.060675980505203	92.30005546235	2.287126482624955	227.07499557116063	63190.854400723045	617420.0638830276	0.4118684561607821	3.340018993832001e7	1.0175559043771703e7	6.191298757432506e8	9.999994668826144e8
7.4599862429373065	4.40130194242282e6	9.97717967011354e8	86500.66374963666	4.0435404911453265e8	9.999994707279317e8	0.00022365865618203157	9.999994675273379e8	1.7376925016036138	5.327759300044848e6	16.950466881667094	2.3691689813516757e8	0.000053245725850112196	0.051400692897394816	9.422043819961387e7	140.60599104776975	8.705049001445053e8	0.00025634536102997854	4.451367314000004e8
7.460000828817795	0.00010781443543810199	0.024489379898019196	490224.6919742883	5.468273897136608e8	93.62792893354619	1.0625618441164584e-6	8.912029921836254	1.6111606461236463	9.814501913568523e8	139.95125894902708	1.0000005327953057e-6	3.6352285857623464e-6	1.3753215637867864	3.9126157750363074e7	1.7960945208811113e8	9.993631316792685e8	0.013745339341012873	1.8809357625482073e-6
7.460156467268712	0.010397981320547907	2.361691055197154	8.164375126456703e8	361096.892537669	0.3624811856753715	1.0000007483174098e-6	2.6193630528721848e8	1.5753223736433284	0.00011930374262105556	2.276896781544965e8	9.99999468241141e8	1.0224584879938774e-6	11983.957613610448	9.955189616744083e8	9.986511482625885e8	31475.30212688533	1.0044633126066274e-6	685885.4065376587
7.460288785557896	2.3144591631038125	515.089452188872	9.847739261169796e8	9.99976245524877e8	1.000000408294471e-6	1.0000002603993812e-6	455.6592454688313	1.5715966184992796	9.998905754005066e8	152897.0759033526	0.014265461524572086	9.99999493707717e8	5.638526101473421e8	9.99999493707717e8	3.3456163566836314e6	9.999920328800846e8	7.772004289638747e8	1.0000007059958637e-6
7.472829430116912	1.0000087390624138e-6	0.00018648438068138938	0.004321853866885127	73440.82189316009	85.6768038622762	1655.4503591737935	23525.876419604254	1.6632126353110244	14236.56717111332	60.82837263360624	0.0773844947567097	0.0017775619367853986	26.69186411595108	1.2809766330525072	3.6821736323283035e8	11491.38715260729	1.3810262610865305	0.010352464441538898
7.5240554255890535	0.008298135324173499	1.2292021369315347	2.1278111528010003e7	8.743028072650973e6	344784.9196891926	0.0027406615862156157	416.7560945845238	1.5386568172817598	3.749488789913461e8	7.249282807868258e8	0.20276749326500923	2.9982472477981483	0.0047926543312208835	11.73350963223121	1.3032684737196758e6	73313.22365768094	4864.332456885276	2704.675534098372
7.625973393829849	0.47458261686403225	52.0080351628694	25.17335310939033	68395.3890091746	7.922557409376539e8	0.00894075346088364	5.2202355092446756e8	1.6665943389175504	0.5067422866364012	66.2110928581627	4.476633616456563e7	9.949455701602168e8	2.2571646198522907e-6	9.999990137572395e8	343.483538961692	48.6940325477873	1.1484629651109822e7	0.016536841001734786
7.629683416679823	1.732035768871744e-6	0.00018718228625503865	1.0462511672929354e6	6.048002566246351e8	0.5274718798813509	1.4352370118242293e-6	572590.520460761	1.5560931824573341e6	30.083357812605136	1682.762568102676	3.675569914881258e6	1.0733133112958763e-6	1.8591554011625753	9.999928772546916e8	8.822397286906712e8	1.6064306527952528	0.00014949817869363568	55.98338832637002
7.63041448273533	8.405764674509788e6	8.922653584342773e8	0.025213816797247237	49220.75770689445	1.0000002299822262e-6	1.0031192790014886e-6	3.2031440069183546e8	1.596699160426438	652.9258545912837	117.41541492446581	0.00612299350943195	1.6490211560359854e-6	8.129627273651853e6	27670.65245770167	8.227803579837649e8	7.522874688076796e7	1.0000002295907865e-6	0.00017401030209620474
7.643344139350523	5.138157803607882e-6	0.0005384240589727202	0.019967821891496457	49608.755225594265	0.8496151003777829	0.0006209966463711507	8.012106649633812e6	55803.952971066166	473.3379887534541	133.51906547093114	2.6436587907404985e7	1.315029826404569	2.0404747586235284e-6	1.0031779070254648e-6	2.222615312790713e8	7.34884506437389	111.29640406529076	9.968318839059297e8
7.6568709529634775	1.415396306884224e7	9.99934153944698e8	0.002708965574752662	49317.440148332214	6.389586505407537e8	8.788925522819774	129527.05157183159	55.096237185617895	2.154852624653403e6	967.690209866946	1.0960951827636084e7	3.2994393816116415e6	0.0161222948680298	5.804745349115366e-6	7.852435699883002e7	3610.7881915829767	1.0000001328591695e-6	107.32898942659601
7.66001552193087	4.9653018811096465e6	5.825864648422308e8	146422.5452819827	2.2427837156345683e8	16379.690886762919	3.0856062321165907e6	4.918787195116402	2.3918853613590945	5.27988974120726	65.21338324484802	199.93777922652868	1.6869547113691498e7	0.5148258484128144	0.03438283559963923	3.0169469972570914e8	5.33876744536404	8753.991057888665	1.3181443231843903e-6
7.663350823046486	1.0000012455381307e-6	0.00005709828806678335	9.999999999539483e8	8.808126990369269e8	18.323992793761803	1.000000000161181e-6	9.999999994934312e8	2.7705495960929687	1.0396816082113203	80136.98006604574	9.99999999838821e8	576.0367421982268	3.698712547730727e-6	9.99999999838821e8	3.8923512324603973	3.38888190282348	1.331921455887014	0.000025415092419439285
7.864424221757127	44880.31560585706	711603.6542817506	6.0748425376577444e7	90484.50922005413	2.9704164630890895	863.7198403277322	9.999972949036648e8	2.4111076445812758e7	20.087490680847047	9.992815405643786e8	0.00022344793010137842	1.000088191608265e-6	0.16303087110639553	0.00004003357466325517	1.761890897531562e7	1.5765939329728067	0.00008639045035385885	0.00004328287087241109
7.872770710245244	1.0121790126778264e-6	0.000013062456072005648	9.886813293397822e8	113785.77622207782	1.088708806634497e-6	1.0000000036841365e-6	1.9668467630852664e8	1.5767128071806293	24266.022680465852	9.999999947270818e8	0.00006475054535640401	0.0009617817376164878	0.0879825225516771	1.0000000036841365e-6	18.172085261454182	76349.70505474339	0.18659918547126558	0.19261123058783913
7.894353459793828	419124.5791164712	4.0860842990802163e6	197.3217124105378	49530.385477933014	0.8487643057637986	0.06368961828808055	9.99999999838821e8	942916.5266861235	2.390751831954702	56594.00364176453	0.009692739123304957	0.0755659399895799	42.44435951230424	110.30411391258319	5.51418144065131e7	1.574619949071709	0.01042614456267787	1.0973502921653855e-6
7.9120903916846865	744117.3871993991	5.3823637877247e6	59.14931453161957	55638.7315562346	745.1996277827969	9.240320543379256e-6	1.4492007804942572e8	4.507569953364177e7	2.2714885932682357e6	6.547252646277378e8	9.999999802207947e8	8.726082213074157e8	0.0022162797179787674	19.575314299977023	8.333471397625494e8	1.5809924150926733	0.15589577171711344	0.2609909521536802
7.923236999885483	0.0000250816150236297	0.0008044972718479467	12662.430860301094	3.391071144501635e6	17.748771599747503	0.8021302176828232	3803.153544309497	6374.476930049451	171.3398764289866	23495.77217493759	0.03520814545627163	0.06361295460442051	0.00018314752448274444	10.693503750562085	6.222207957697055e8	1.6184057694588028	29.858368900596187	1.0039460648824557e-6
7.930445154787387	137155.14173597805	654850.917555785	0.14411610051172327	49275.02402269837	0.3970379215488957	0.004046258133319701	29202.811020401303	1.5763493343820298	6.837712799917821e8	9.99999780701818e8	1.7884891428599574	0.10597369511265108	9.99999312724638e8	32.40218434804489	9.999997895897952e8	5927.97334922859	1.0000006872758344e-6	8.177942354789622
7.93770813665076	0.016518408450328256	0.06334925511247816	0.011127457710826733	49375.382446636824	1.8953156077536646	1.9167497519259315e-6	390811.23564073374	1.8048859307614649	1.82549149914403e7	591533.7563154836	6.259683418638421e7	0.13576404137703696	0.00005564872540060101	1.4185522597092329e7	1.6537352616814226e6	398.50774754214814	3163.2931841093778	904.6907827039693
7.947518330530784	1.0000128008662636e-6	2.648572326254027e-6	1.0000052255693416e-6	49193.50923696286	0.3212225176127378	11.843994837520691	9.999947943752215e8	239.3436631980847	6.424860069617127e8	9.999618553660488e8	0.00033507547707944995	1.0000030811168846e-6	1.0000030463937964e-6	1.000003081070833e-6	2.9825538166330445e8	2.604174464565831	180047.83203620632	261.7814330910435
7.9512297213549346	0.00010273639792688074	0.00033280407794677915	6664.816342079965	1.6384599047641504e8	20681.578571802194	8.402170965904491e6	70604.29598284654	8.354959225826887	1919.4338710558072	62.901783823414405	0.02337635563782379	0.0474167596989982	1.e9	0.1973876121015499	37615.76354433683	63.12545545703496	1.0166123045629134e6	1.e9
7.951932633614858	3.9290384274197066e8	8.032686312408897e8	9.988727191563214e8	3.4733404532138474e7	20300.61255476758	3331.690250735406	9.999914139503322e8	1.5749664808496266	0.014892852909448848	1.418214595218575e6	2.205544929067236e-6	0.0052282035415261875	0.12051225877289475	2.0053010261506534	1.5473014540919313e8	4.753557669629732e6	40.459162333977	1.0000000074834022e-6
7.954595937604683	3.386124016483337e7	5.820652182593622e7	1.8636987449757538	73871.16680588003	0.002594296053703797	0.10987909677749148	43.0875252351376	4.0137145251747	0.7966687226285553	4.073843224028837	8.63387270636346e8	21319.15482807179	1594.0062673780928	51.61813666252096	9.976578671402917e8	8.493893025282688	33.4071942769696	157.78621308055077
7.955871740159348	1.5411015279766458e-6	2.4013904063085564e-6	1.054263163369993	82219.68163794249	9.998275079203546e8	9.986694870998946e8	9.999999368400939e8	6.310763137751085e8	9.999997599785593e8	3.3467524706525675	0.002610840151568836	3.219458325576355e8	1.0000001174088203e-6	1.0000010189865266e-6	9.169563054252572e8	8.905085261089133e8	9.999998825911936e8	1.2986303710967255e-6
7.958272174826327	1.0167762475090199e-6	1.3015543746630286e-6	7.157203259457732	97451.67628933454	101289.33105680233	0.00007828751354512501	5.2540037207945496e8	2.0042740560352557	1.1378021965322271e8	822.4510603569906	2.5040646702479395e-6	0.00011283724028165608	488669.52031367784	5.14392110480648e6	2.367703827185208	1.0055107876315055e6	5.52875887699511	2412.4517728897963
7.9586314405459	1.0024993906159726e-6	1.222067998554013e-6	70638.38111891346	3.9262318142440796e8	0.01881949934794373	8.617018349610084e-6	1.125216120622168e7	1.9153625814595943	5.576648606788635e8	228916.19917524265	7961.933448294204	1.000000998884939e-6	1.0000009988158613e-6	0.00015771419207633188	52.4215967519424	21605.419039569235	1.4847767569895015e-6	26.192776120059957
7.960471302028436	1.0002508713297679e-6	1.e-6	5.671043758489882e6	9.999994868229924e8	1.1583597425065544	0.000012668400674923115	9.871698750445453e8	2000.3813221310638	5.68166037678707e6	9.999995981989815e8	2.3079900620303215e6	1.0000000397656445e-6	2.1887797628356033e-6	7.390678656611094e7	623.1418313792366	1.5853809858654884	9.999999600961999e8	9.99999960073176e8
7.961243518129759	9.934014437793196e8	9.018856629909083e8	0.00005601801260568855	49163.08655842633	1.0000123645208987e-6	0.014290389832422782	8.410262111892455e8	1.5739991324406966	20494.80963835137	36798.88916007892	9.99987635562904e8	0.03407278141186671	567.7389621099105	7.062119353949898e6	9.800501377029757e8	53170.905251719356	0.02744593653130411	0.0007250943851297615
7.96157925708864	1.1555833002188417e-6	1.e-6	9.999664110284319e8	98578.80557864254	0.10205436660872905	0.0007300789387932537	6.47990709525567e8	1.6242827852466943	1.000046421837659e-6	9.999671077444935e8	1.0000105017543125e-6	9.70074266999377e8	9.999898251354697e8	1.698631093629908e7	8.530264281159678e7	55.08971049699858	9.999898251354697e8	1.358979637916739e-6
7.9628880907290505	1.0001461149477938e-6	1.e-6	38.44559410557207	53875.241956231606	914815.2830116923	9.999998469471822e8	1.6526504788086288e7	2.123240978048561	0.05475078239691952	406.7965400063602	2.6296032840977053	0.04268384434240649	9.999998730124398e8	4.343424973368032e6	51766.914273256465	6.193312416178959	1.1143535848216692	0.002313556750267419
7.9647453739540595	1.0822235540503632e-6	1.e-6	0.0001675038559091001	49809.52005141635	1.7806604157911677e7	2.529889697105242e-6	6.956215635504426e6	2.404984348164944	1.6413543379274824e8	8.656943835466022e8	0.03878161724432006	769.3900442583656	0.053649619215919826	188566.80067503732	2.000462341304044e7	5.904749608732689	1.1481869331342933e8	1.8543533141208664e6
7.968578095414048	0.00014709140650512228	3.144944341676183e-6	53.460591461980115	762595.4819545759	0.00001665969996887018	0.000024406897991960668	1.602421017275471	2.8565233836599324	3573.8597891582067	181.35261565255976	1.1391588651250543e6	10.37668001284727	9.675307094991936e-6	490.87918079500537	5.973388819363282e8	74.09974314516411	276.9660003324387	0.00006545482656918253
7.96875635893962	7.605667899544126e6	2.631769856331896e-6	109113.7878552458	8.462915367301213e8	0.00033239586607283333	3141.162902123016	9.029087118523884e8	2.1097390884068496	0.15654994598473052	6.34725420596324	0.01915793155393014	157993.020342024	4.308810081844586e8	282.01656959050445	1424.6658948558322	310.22146202847637	9.999626168712577e8	0.003136623151701164
7.96875636085441	5.3362513169143987e8	0.0003468502111351649	1.324369547722533	90136.43579141721	1.e9	2.162992726905324e7	1.e9	149.74731811972433	101.40790457766224	1.591954242269507	1.e9	5.072810589964211e-6	42.54523643818709	1878.9413618689684	1.e9	1.e9	0.000043850689460565695	1.4478636196900809e6
7.96875636295854	67506.82142972595	1.9451944159359445e-6	9.898110986163212	63972.45298412242	0.13691136122206252	1667.5926304812406	9.998257234960934e8	1.6542643118235218	3608.3726680734126	34.68655427516133	351.51720687163845	788633.3694466543	248.40726421150575	1.0000006616710707e-6	44.832523330586135	69783.37878908467	3083.1405979095875	4.48433736133731
7.968756365474058	5.745349636702074e8	0.000025691093493811405	0.3776099834689545	50056.93058612513	0.19601966936405674	1573.8815886679997	1.4331242558282435e7	1.7040220378520283	0.021420236641512956	21.839679858843894	5.069588930129802e6	1.001495005640306e-6	0.36387794105250504	0.04909533174264898	4.5462301810225055e7	452.6269901986838	0.2254216355440436	168532.11138973053
7.968756366186946	9.966156706811744e8	2.707062657192815e-6	467.9765358023002	57192.32781573417	212.3440757960236	5740.581704145868	20654.800359144883	1.576306484007527	775912.2950830543	202586.87988854182	0.0010044798470017517	1.0002969413113814e-6	921911.5715271166	13061.374679345421	170525.6104109246	11204.081421839826	9.835306278999132e8	4.125767843573886e8
7.968756388932741	3.0842938198285326e7	1.018953828247444e-6	0.03653467704144809	49209.448203425716	0.11565597040020957	10446.544527556058	1.9228702830781996e8	22.576896873921143	353.46964826388876	141831.9529177748	3.48641623000852e6	180.18634513266204	0.6877209828773823	2135.9196253315085	673222.706447538	1.6974864461103287	3.6172266715265377e6	0.03991864872286253
7.968756394039362	848420.0699393615	1.0118961600301449e-6	9.999982542275568e8	2.751260623531816e8	1.000002602638344e-6	74.87315725407394	1.1050717384734203e8	33.41524362189902	1.0000000317065978e-6	178899.08170709247	1.000002589444496e-6	1.0000026035593805e-6	1.0000025909411803e-6	1.0000026103059709e-6	1.5377811804407936e8	1.6531789628692617	510203.3910296704	1.0902228565951496e-6
7.968756414438092	1297.5839564230719	0.000011481029603466665	710.6423724870007	50440.20180233439	1.000000664779563e-6	0.006218251026938122	13743.020546243491	797.8283497237213	253.43607952141065	4.607648267305802e6	1256.1800450737894	1.00005080467605e-6	0.13554678233540757	1.0000508111696683e-6	7.39040350546589e8	1.5784254396619657	0.010131410954370508	44383.13820247737
7.968756416138399	3.1442370112152076e6	1.0083219347473335e-6	8404.83595037651	8.775789868767747e7	0.000039547665705552	0.09744412404394483	9.999930797656269e8	1.0162975576724714e7	315.2512739357214	633.2289012190594	1.1219775145477201e8	1.0000000539035189e-6	0.7406556054381701	8.092517935772889e8	3.151388892417885e6	2.3654515684679462	90.26369597677166	0.6018839749650916
7.96875698669893	1.3906939584666748e7	0.00020965656393539042	1.e9	1.5134158256405213e8	30025.416769779087	13654.123772966304	2.9723235857638773e6	32.9119292947858	7.622445686120875	1.8228990067477922e6	2.1042419100190508e8	1.0443852896980236e-6	0.000011242484130101075	79278.92888719778	4142.732259383638	1.6540683127431965	9.944527223630147e7	9.99703535305571e8
7.968759120308003	9779.948885020061	1.00037292465946e-6	9.0651456551843e6	1.47102467088885e6	1.e-6	312.8823090432158	2.232719437116164e6	1.5743628035459651	44.60134575668883	314111.38237981906	24.52904504353608	0.43915759436283447	2.932836364043552e6	2.287872752618137	80201.08718561254	15929.482403336022	4885.900175864124	0.17889301694480544
7.968759464873528	5048.084649224069	6.518696498499855e-6	2559.6016384656004	49299.55864646353	1.e9	17.719751479929126	1.e9	1.5760521293972118	11.28443792177373	1.0406901729824554e7	2.3010142529750455e7	0.0012528207674526385	1.e-6	1.e9	5.204264814862692e7	297394.18938684737	20.5809313678753	3.413959375053707
7.968759530614417	9.730784690533085e8	368.4927702898535	30000.025513828263	9.293631103318973e8	0.00834314593582401	6254.025189073414	7.759157917073847e7	1454.2677237651326	0.0014624928831310845	1.5863033453149995	2.5011199127008625	1.e-6	1.e9	1.1121659248192021e8	1.e9	254.01377161773675	0.00020820208814229275	1.e-6
7.968759815617014	9.999940263062052e8	1.0089031902317526e-6	0.029951555106794515	49394.584108583505	0.19374085374732988	9.99999698499553e8	81145.1797602865	2.2449644899138663	588.6791551465166	6.437022532108697	0.08929630759912162	0.00003070726050626564	26801.72962508668	1.4220751529926758e7	8.35672230359097e6	2680.4153539141644	9.998600191639198e8	0.0001698686453399778
7.968787553970677	3.494907124056765e8	2.0732318980595337	23.239694748335932	49052.57709167114	2.4574534018858207	4.753561406962282e6	9.98542875379848e8	9.645598665553557	24177.422451234354	9.546766811169736e8	3.743372971819985e7	9.44266379490344e7	5.030164166036859e7	2.364361999908458e-6	9449.381487813609	1.876905743336063	28.37872527984186	19776.64428147639
7.97042188544308	9.999474425508338e8	1.2133377980243822	0.005664866326234918	50273.94210903438	3.3613336780253495e6	1.5217921334284151e7	83918.90414343704	940.120935824836	5.120381518880922e7	132.6344962642173	2120.060660053111	1.e-6	0.252451545647603	114582.79355168855	1.e9	619726.1518249969	25481.61386830985	4200.830596417112
13.372573655715136	4.2547104663978955e6	9.998934603432009e8	0.011910711340487825	1.e9	0.7515348428514005	0.0020913074491607166	9.937178362146305e8	1.5707601356474656	1.e9	4.5956876027153385e8	1.3469151206127098e8	1.e-6	1.e-6	7.7528749992177505e6	6.146367870405903e8	1659.4454994230618	1.e9	1.e9